vendor_id,vendor_name,vendor_type,registration_number,tax_id,contact_person,phone,email,address,region,bank_name,bank_account,due_diligence_status,due_diligence_date,is_blacklisted,blacklist_reason,preferred_vendor,performance_rating,is_active
VND-0001,Kilimanjaro Medical Supplies Ltd,Supplier,6781149-2015,711-963-769,James Lyimo,+255 678 609 123,info@kilimanjarom.co.tz,Plot 3 Main Road Kilimanjaro,Kilimanjaro,NBC Bank,0844483545882,Passed,2024-10-18,False,,False,2.6,True
VND-0002,Arusha Office Solutions,Supplier,2946231-2016,913-447-671,David Kimaro,+255 649 471 666,info@arushaoffice.co.tz,Plot 51 CBD Arusha,Arusha,CRDB Bank,0139243693830,Passed,2025-02-24,False,,False,3.7,True
VND-0003,Tanzania Vehicle Services Co,Supplier,5902707-2020,621-645-601,James Swai,+255 731 243 435,info@tanzaniavehi.co.tz,Plot 5 Industrial Area Kilimanjaro,Kilimanjaro,CRDB Bank,0526712056415,Passed,2025-05-26,False,,False,4.3,True
VND-0004,Northern Stationery Supplies,Supplier,1841697-2022,744-838-734,Grace Kimaro,+255 752 585 371,info@northernstat.co.tz,Plot 175 Market Street Kilimanjaro,Kilimanjaro,Absa Bank Tanzania,0212300051119,Passed,2022-02-24,False,,False,3.5,True
VND-0005,Moshi Computer World,Supplier,3262631-2018,778-589-638,Mary Swai,+255 705 613 893,info@moshicompute.co.tz,Plot 137 Industrial Area Kilimanjaro,Kilimanjaro,Absa Bank Tanzania,0890855944797,Passed,2023-02-22,False,,False,4.2,True
VND-0006,Babati Agricultural Inputs Ltd,Supplier,4396806-2022,457-673-914,James Mwangi,+255 663 385 671,info@babatiagricu.co.tz,Plot 147 CBD Manyara,Manyara,Equity Bank Tanzania,0938461899891,Passed,2023-01-29,False,,False,3.2,True
VND-0007,Arusha Training Institute,Supplier,5450240-2016,700-345-348,Peter Kimaro,+255 688 552 771,info@arushatraini.co.tz,Plot 164 Market Street Arusha,Arusha,Equity Bank Tanzania,0438852204583,Passed,2022-06-11,False,,True,4.4,True
VND-0008,Kilimanjaro Construction Company,Contractor,5706428-2019,887-191-767,Peter Mwangi,+255 640 516 768,info@kilimanjaroc.co.tz,Plot 45 CBD Kilimanjaro,Kilimanjaro,NMB Bank,0137976822506,Passed,2025-02-01,False,,False,3.0,True
VND-0009,Tanzania Fuel Services Ltd,Supplier,9901636-2022,237-971-616,Mary Mwangi,+255 609 109 405,info@tanzaniafuel.co.tz,Plot 85 Market Street Kilimanjaro,Kilimanjaro,Absa Bank Tanzania,0363853504290,Passed,2023-08-16,False,,True,3.3,True
VND-0010,Arusha Hotel and Conference,Supplier,7567785-2016,243-588-431,John Mollel,+255 644 725 976,info@arushahotela.co.tz,Plot 99 Market Street Arusha,Arusha,NBC Bank,0437416613696,Passed,2023-01-31,False,,False,2.5,True
VND-0011,Moshi Medical Centre,Supplier,6095806-2016,402-476-729,Mary Swai,+255 615 783 221,info@moshimedical.co.tz,Plot 40 CBD Kilimanjaro,Kilimanjaro,Stanbic Bank Tanzania,0482536045818,Passed,2023-04-29,False,,False,3.7,True
VND-0012,Northern Tanzania Printers,Supplier,6927179-2016,660-617-307,Mary Kimaro,+255 795 353 796,info@northerntanz.co.tz,Plot 84 CBD Kilimanjaro,Kilimanjaro,NMB Bank,0834711474600,Passed,2023-03-24,False,,True,3.8,True
VND-0013,Babati Hardware Store,Supplier,1356505-2019,863-323-692,Grace Mollel,+255 633 625 525,info@babatihardwa.co.tz,Plot 180 Main Road Manyara,Manyara,CRDB Bank,0170595002132,Passed,2024-07-17,False,,False,2.9,True
VND-0014,Kilimanjaro Furniture Works,Supplier,9835236-2020,650-502-641,Mary Mwangi,+255 695 491 559,info@kilimanjarof.co.tz,Plot 194 Main Road Kilimanjaro,Kilimanjaro,Equity Bank Tanzania,0789854024657,Passed,2024-05-10,False,,False,3.4,True
VND-0015,Tanzania Communications Ltd,Supplier,7868729-2015,,Peter Mwangi,+255 688 258 382,info@tanzaniacomm.co.tz,Plot 63 Main Road Kilimanjaro,Kilimanjaro,NMB Bank,0652327823872,Passed,2024-08-01,False,,False,2.6,True
VND-0016,Arusha Legal Services,Consultant,4881409-2017,633-326-523,John Lyimo,+255 659 935 849,info@arushalegals.co.tz,Plot 152 Market Street Arusha,Arusha,Equity Bank Tanzania,0669619696148,Passed,2023-08-16,False,,False,4.9,True
VND-0017,Northern Research and Consulting,Consultant,4948969-2018,824-247-925,John Lyimo,+255 681 813 526,info@northernrese.co.tz,Plot 106 CBD Kilimanjaro,Kilimanjaro,NMB Bank,0497354655361,Passed,2024-12-10,False,,False,4.1,True
VND-0018,Moshi Security Services,Supplier,1647994-2016,879-701-841,Mary Swai,+255 623 648 841,info@moshisecurit.co.tz,Plot 54 Industrial Area Kilimanjaro,Kilimanjaro,CRDB Bank,0316299254859,Pending,2024-01-30,False,,True,,True
VND-0019,Tanzania Training and Development,Supplier,5637489-2022,467-415-367,Grace Swai,+255 662 812 718,info@tanzaniatrai.co.tz,Plot 26 CBD Kilimanjaro,Kilimanjaro,NBC Bank,0308488712420,Failed,2024-09-07,True,Failed due diligence check,False,,False
VND-0020,Arusha Seeds and Agro Supplies,Supplier,3497300-2020,683-953-351,Amina Mollel,+255 789 249 116,info@arushaseedsa.co.tz,Plot 66 CBD Arusha,Arusha,Absa Bank Tanzania,0857614426571,Passed,2023-03-30,False,,True,4.5,True
VND-0021,Manyara Tree Nursery,Supplier,2217937-2015,522-240-962,John Kimaro,+255 725 288 655,info@manyaratreen.co.tz,Plot 3 Market Street Manyara,Manyara,NBC Bank,0161747847753,Passed,2025-01-24,False,,False,4.0,True
VND-0022,Babati Health Clinic,Supplier,5697117-2023,790-540-925,Mary Mwangi,+255 604 106 644,,Plot 25 Market Street Manyara,Manyara,Stanbic Bank Tanzania,0639364679934,Passed,2024-09-26,False,,False,4.5,True
VND-0023,Kilimanjaro Photo and Print,Supplier,1519195-2021,665-587-157,Amina Kimaro,+255 717 678 349,info@kilimanjarop.co.tz,Plot 22 CBD Kilimanjaro,Kilimanjaro,Absa Bank Tanzania,0903447362679,Passed,2024-04-11,False,,False,4.9,True
VND-0024,Tanzania Software Solutions,Supplier,5593656-2015,970-422-116,Peter Kimaro,+255 658 316 988,info@tanzaniasoft.co.tz,Plot 193 CBD Kilimanjaro,Kilimanjaro,NBC Bank,0266691353346,Pending,2022-03-29,False,,False,,True
VND-0025,Arusha Vehicle Hire Services,Supplier,6666154-2016,958-177-448,Peter Lyimo,+255 684 493 873,info@arushavehicl.co.tz,Plot 102 Industrial Area Arusha,Arusha,NBC Bank,0902572436602,Passed,2025-01-12,False,,False,3.9,True
VND-0026,Northern Cleaning Services,Supplier,2204184-2019,828-902-749,Grace Mollel,+255 774 699 776,info@northernclea.co.tz,Plot 93 Main Road Kilimanjaro,Kilimanjaro,NBC Bank,0555477400879,Passed,2023-01-16,False,,False,2.8,True
VND-0027,Moshi Water and Sanitation,Supplier,,523-497-897,Peter Kimaro,+255 742 668 624,,Plot 147 Market Street Kilimanjaro,Kilimanjaro,NMB Bank,0242381981408,Passed,2024-07-08,False,,False,2.9,True
VND-0028,Tanzania Events Management,Supplier,9123708-2018,238-411-106,James Lyimo,+255 707 406 595,info@tanzaniaeven.co.tz,Plot 98 Industrial Area Kilimanjaro,Kilimanjaro,Equity Bank Tanzania,0935963539980,Passed,2023-07-20,False,,False,4.0,True
VND-0029,Babati Transport Services,Supplier,9044689-2018,387-936-904,John Lyimo,+255 777 305 590,info@babatitransp.co.tz,Plot 52 Market Street Manyara,Manyara,Stanbic Bank Tanzania,0127862538572,Passed,2025-05-20,False,,False,3.0,True
VND-0030,Arusha Catering Services,Supplier,7932908-2021,712-590-696,Peter Swai,+255 704 789 611,info@arushacateri.co.tz,Plot 140 Main Road Arusha,Arusha,NBC Bank,0818951755649,Passed,2022-05-22,False,,False,4.8,True
VND-0031,Northern Transport International,Supplier,9499671-2018,500-574-890,Amina Lyimo,+255 792 439 915,,Plot 39 Industrial Area Manyara,Manyara,Equity Bank Tanzania,0207409783525,Failed,2024-03-29,True,Failed due diligence check,False,,False
VND-0032,Northern Agricultural Services,Contractor,,451-763-211,Mary Kimaro,+255 733 594 456,info@northernagri.co.tz,Plot 133 Market Street Arusha,Arusha,NBC Bank,0673547080573,Passed,2023-02-28,False,,False,3.5,True
VND-0033,Eastern Construction Associates,Contractor,2025691-2016,649-291-474,Grace Mwangi,+255 715 706 539,info@easternconst.co.tz,Plot 68 CBD Manyara,Manyara,Absa Bank Tanzania,0420725969497,Passed,2023-02-09,False,,False,4.0,True
VND-0034,Community Training Enterprises,Consultant,7116810-2017,528-710-241,Grace Kimaro,+255 757 704 186,info@communitytra.co.tz,Plot 125 Market Street Manyara,Manyara,Equity Bank Tanzania,0395247111291,Passed,2023-09-02,False,,False,3.6,True
VND-0035,Tanzania Training Ltd,Contractor,3740184-2015,325-399-133,Peter Mollel,+255 729 768 606,info@tanzaniatrai.co.tz,Plot 44 CBD Kilimanjaro,Kilimanjaro,Equity Bank Tanzania,0662635618215,Passed,2025-02-24,False,,False,3.2,True
VND-0036,Community General Ltd,Consultant,5305456-2016,220-894-931,David Lyimo,+255 626 853 949,info@communitygen.co.tz,Plot 177 Industrial Area Manyara,Manyara,Stanbic Bank Tanzania,0747548965269,Passed,2024-05-20,False,,False,4.5,True
VND-0037,African Medical International,Consultant,2560238-2021,383-987-771,David Kimaro,+255 780 399 396,info@africanmedic.co.tz,Plot 64 Market Street Manyara,Manyara,NMB Bank,0879984532792,Passed,2023-10-25,False,,False,2.9,True
VND-0038,Regional ICT Associates,Contractor,6362695-2015,967-850-195,Grace Mollel,+255 703 627 867,info@regionalicta.co.tz,Plot 17 CBD Manyara,Manyara,Equity Bank Tanzania,0944322142606,Passed,2022-07-10,False,,False,4.6,True
VND-0039,Community General Services,Consultant,8230567-2015,538-307-805,Amina Mollel,+255 611 201 741,info@communitygen.co.tz,Plot 41 Industrial Area Arusha,Arusha,NBC Bank,0356186424480,Pending,2022-04-10,False,,False,,True
VND-0040,Eastern Medical Associates,Consultant,,812-451-936,David Swai,+255 709 771 193,,Plot 178 Market Street Manyara,Manyara,NMB Bank,0492193670848,Passed,2023-04-25,False,,False,2.8,True
VND-0041,Community Consulting Services,Contractor,3480521-2022,188-202-243,Peter Swai,,info@communitycon.co.tz,Plot 90 CBD Manyara,Manyara,NMB Bank,0353390421760,Failed,2022-10-20,True,Failed due diligence check,True,,False
VND-0042,Regional Medical Group,Supplier,1197469-2020,981-959-682,Peter Kimaro,+255 661 606 495,info@regionalmedi.co.tz,Plot 196 CBD Manyara,Manyara,CRDB Bank,0117715895169,Passed,2022-04-22,False,,True,3.0,True
VND-0043,Tanzania ICT Group,Consultant,4329927-2017,500-700-749,Amina Mwangi,+255 763 649 650,info@tanzaniaictg.co.tz,Plot 80 CBD Arusha,Arusha,NMB Bank,0159356355188,Passed,2022-06-18,False,,False,2.8,True
VND-0044,Tanzania Consulting Services,Supplier,3079867-2019,220-889-130,Grace Mollel,+255 641 608 455,info@tanzaniacons.co.tz,Plot 135 Main Road Manyara,Manyara,Stanbic Bank Tanzania,0742180813608,Passed,2022-01-24,False,,False,3.4,True
VND-0045,Savanna Trade Services,Contractor,5006147-2022,,David Swai,+255 772 840 218,info@savannatrade.co.tz,Plot 58 Industrial Area Arusha,Arusha,Absa Bank Tanzania,0427384434945,Passed,2025-03-21,False,,True,3.4,True
VND-0046,Tanzania Construction Supplies,Consultant,5777677-2019,348-575-477,Grace Kimaro,+255 672 892 965,info@tanzaniacons.co.tz,Plot 188 Market Street Arusha,Arusha,Equity Bank Tanzania,0124344315654,Passed,2024-08-10,False,,False,4.6,True
VND-0047,Tanzania Training Ltd,Consultant,5584195-2015,965-632-522,James Swai,+255 652 642 343,info@tanzaniatrai.co.tz,Plot 192 Main Road Manyara,Manyara,Stanbic Bank Tanzania,0236768169939,Passed,2022-08-01,False,,False,4.0,True
VND-0048,Tanzania ICT Services,Supplier,3230898-2016,268-560-577,John Lyimo,+255 779 951 853,info@tanzaniaicts.co.tz,Plot 92 Market Street Arusha,Arusha,Equity Bank Tanzania,0371993892222,Passed,2024-03-15,False,,True,4.5,True
VND-0049,Regional Trade Ltd,Supplier,7625975-2022,663-355-196,David Kimaro,,info@regionaltrad.co.tz,Plot 32 Main Road Kilimanjaro,Kilimanjaro,NMB Bank,0233307757943,Passed,2023-05-24,False,,False,4.2,True
VND-0050,Northern Trade Group,Supplier,3752687-2021,504-608-130,Grace Kimaro,+255 632 194 967,info@northerntrad.co.tz,Plot 91 Market Street Kilimanjaro,Kilimanjaro,NBC Bank,0386567676252,Passed,2024-06-27,False,,True,4.0,True
VND-0051,African Consulting Enterprises,Contractor,9907913-2015,900-830-467,David Swai,+255 635 529 304,info@africanconsu.co.tz,Plot 89 Industrial Area Kilimanjaro,Kilimanjaro,NMB Bank,0126434367711,Passed,2024-02-24,False,,False,4.7,True
VND-0052,Regional Medical Enterprises,Consultant,4594689-2021,959-965-277,Peter Mollel,+255 625 353 772,info@regionalmedi.co.tz,Plot 189 Industrial Area Manyara,Manyara,CRDB Bank,0820834591460,Failed,2022-11-23,True,Failed due diligence check,False,,False
VND-0053,EASTERN TRADE SUPPLIES,Contractor,4300925-2017,281-921-964,John Mwangi,+255 614 338 716,info@easterntrade.co.tz,Plot 38 Market Street Kilimanjaro,Kilimanjaro,Stanbic Bank Tanzania,0981482614174,Passed,2022-07-04,False,,False,4.9,True
VND-0054,Highland Trade Co,Contractor,6846328-2017,851-805-401,Amina Mwangi,+255 787 547 910,info@highlandtrad.co.tz,Plot 180 CBD Arusha,Arusha,Stanbic Bank Tanzania,0133290926716,Passed,2022-11-19,False,,False,4.5,True
VND-0055,African Trade Co,Contractor,6500557-2015,355-809-169,David Mwangi,+255 688 427 271,info@africantrade.co.tz,Plot 185 Main Road Arusha,Arusha,Equity Bank Tanzania,0850540038270,Passed,2023-05-03,False,,False,3.7,True
VND-0056,HIGHLAND TRAINING ASSOCIATES,Supplier,5278207-2016,484-264-849,John Mollel,+255 641 562 175,info@highlandtrai.co.tz,Plot 153 CBD Manyara,Manyara,Equity Bank Tanzania,0769273012721,Passed,2023-04-07,False,,False,2.9,True
VND-0057,Northern Training Supplies,Supplier,9043257-2015,537-189-401,Amina Lyimo,+255 667 776 388,info@northerntrai.co.tz,Plot 123 Market Street Manyara,Manyara,NMB Bank,0274769191398,Passed,2025-01-11,False,,False,3.7,True
VND-0058,Northern Consulting Associates,Contractor,8619369-2018,677-163-254,Amina Mwangi,+255 699 289 479,info@northerncons.co.tz,Plot 22 Industrial Area Manyara,Manyara,Equity Bank Tanzania,0874718372332,Passed,2025-01-19,False,,False,4.6,True
VND-0059,Highland General Enterprises,Consultant,3415223-2022,271-316-927,John Swai,+255 782 135 614,info@highlandgene.co.tz,Plot 21 CBD Arusha,Arusha,Absa Bank Tanzania,0251974625709,Passed,2024-03-19,False,,False,4.8,True
VND-0060,Northern Agricultural Associates,Consultant,2843524-2017,702-696-876,John Mwangi,,info@northernagri.co.tz,Plot 145 Main Road Manyara,Manyara,Stanbic Bank Tanzania,0452530849370,Passed,2023-07-20,False,,False,3.7,True
VND-0061,Savanna Medical Services,Contractor,7102120-2020,410-418-387,David Mwangi,+255 609 505 439,info@savannamedic.co.tz,Plot 59 Market Street Kilimanjaro,Kilimanjaro,Absa Bank Tanzania,0553911630945,Passed,2024-04-02,False,,False,4.3,True
VND-0062,Northern Transport Enterprises,Supplier,3222899-2023,129-277-297,Mary Mwangi,+255 695 940 157,info@northerntran.co.tz,Plot 64 Main Road Manyara,Manyara,NBC Bank,0821308781380,Passed,2024-11-23,False,,False,3.7,True
VND-0063,Highland Agricultural Ltd,Supplier,2480391-2015,266-974-685,Mary Kimaro,+255 721 700 664,info@highlandagri.co.tz,Plot 166 Market Street Arusha,Arusha,NBC Bank,0767529399625,Passed,2022-12-30,False,,True,4.5,True
VND-0064,Tanzania Office Services,Consultant,7168972-2020,323-577-409,David Lyimo,+255 664 722 924,info@tanzaniaoffi.co.tz,,Manyara,Absa Bank Tanzania,0963980152483,Passed,2023-04-04,False,,False,4.0,True
VND-0065,Regional Consulting Co,Contractor,4937158-2021,,Grace Mollel,+255 670 367 771,info@regionalcons.co.tz,Plot 67 CBD Arusha,Arusha,Absa Bank Tanzania,0136711344825,Failed,2023-10-28,True,Failed due diligence check,False,,False
VND-0066,African Training Supplies,Consultant,5237842-2023,287-796-443,Mary Mollel,+255 643 960 773,info@africantrain.co.tz,Plot 58 Industrial Area Manyara,Manyara,NBC Bank,0480373216699,Passed,2023-09-07,False,,False,4.6,True
VND-0067,Savanna Medical Co,Contractor,7704683-2022,983-832-284,Grace Mollel,+255 735 405 523,info@savannamedic.co.tz,Plot 162 Market Street Manyara,Manyara,CRDB Bank,0104574012380,Passed,2024-02-21,False,,False,4.4,True
VND-0068,eastern office co,Supplier,6279875-2023,792-104-741,Mary Mollel,,info@easternoffic.co.tz,Plot 80 Market Street Manyara,Manyara,Stanbic Bank Tanzania,0702420984271,Passed,2024-05-28,False,,True,2.6,True
VND-0069,regional office international,Contractor,4675844-2017,122-703-616,James Mwangi,+255 691 868 292,info@regionaloffi.co.tz,Plot 97 Industrial Area Arusha,Arusha,Stanbic Bank Tanzania,0149722774149,Failed,2024-09-30,True,Failed due diligence check,False,,False
VND-0070,TANZANIA MEDICAL CO,Contractor,7895777-2016,376-737-720,Grace Mwangi,+255 721 818 256,info@tanzaniamedi.co.tz,Plot 131 Main Road Arusha,Arusha,CRDB Bank,0609308296723,Passed,2023-06-02,False,,True,3.2,True
VND-0071,African Training Associates,Contractor,9095252-2016,176-840-840,James Kimaro,+255 776 592 438,,Plot 117 Industrial Area Kilimanjaro,Kilimanjaro,CRDB Bank,0202952679278,Passed,2023-03-02,False,,False,4.6,True
VND-0072,Community Training Associates,Consultant,5395999-2016,450-287-216,Grace Mollel,+255 602 972 241,info@communitytra.co.tz,Plot 99 CBD Kilimanjaro,Kilimanjaro,Absa Bank Tanzania,0916274880215,Passed,2022-04-04,False,,True,4.3,True
VND-0073,Eastern Agricultural Associates,Consultant,3140594-2022,521-551-147,Amina Mollel,+255 756 488 897,,Plot 4 Market Street Manyara,Manyara,Absa Bank Tanzania,0994454733631,Passed,2023-01-07,False,,False,4.3,True
VND-0074,Northern ICT Supplies,Contractor,3571617-2022,990-269-176,James Kimaro,+255 638 959 946,info@northernicts.co.tz,Plot 85 Industrial Area Manyara,Manyara,NMB Bank,0663774567487,Passed,2024-02-28,False,,False,3.1,True
VND-0075,savanna office enterprises,Supplier,2489910-2019,675-311-770,James Mollel,+255 790 769 118,info@savannaoffic.co.tz,Plot 14 Market Street Arusha,Arusha,NBC Bank,0673904694734,Passed,2024-10-15,False,,False,4.3,True
VND-0076,Community Office Co,Supplier,7704209-2019,292-223-972,Grace Kimaro,+255 740 634 482,info@communityoff.co.tz,Plot 184 Industrial Area Kilimanjaro,Kilimanjaro,Equity Bank Tanzania,0147764000957,Passed,2023-08-21,False,,False,2.8,True
VND-0077,Savanna Office Services,Contractor,3845848-2017,773-714-720,Peter Swai,+255 710 958 699,info@savannaoffic.co.tz,Plot 108 Market Street Manyara,Manyara,NBC Bank,0401574843924,Passed,2025-02-07,False,,True,3.5,True
VND-0078,Regional General International,Consultant,9888810-2020,879-460-675,Peter Swai,+255 775 453 788,info@regionalgene.co.tz,Plot 173 Industrial Area Kilimanjaro,Kilimanjaro,Equity Bank Tanzania,0927113390635,Passed,2023-08-19,False,,True,3.5,True
VND-0079,Tanzania Medical Supplies,Contractor,2679730-2023,860-762-674,Peter Mollel,+255 615 807 903,info@tanzaniamedi.co.tz,Plot 178 Main Road Arusha,Arusha,Equity Bank Tanzania,0526926394801,Passed,2022-10-27,False,,False,3.9,True
VND-0080,Tanzania Consulting Supplies,Consultant,8353281-2016,277-852-626,John Swai,+255 793 702 659,info@tanzaniacons.co.tz,Plot 72 Industrial Area Kilimanjaro,Kilimanjaro,Stanbic Bank Tanzania,0966367403105,Pending,2024-01-24,False,,False,,True
VND-0081,Eastern Medical Services,Contractor,4012633-2016,263-525-656,John Mollel,+255 725 908 686,info@easternmedic.co.tz,Plot 57 Market Street Manyara,Manyara,NBC Bank,0469407835323,Passed,2023-09-09,False,,False,4.0,True
VND-0082,Savanna General Ltd,Supplier,5633125-2023,483-626-922,Grace Mwangi,+255 610 798 428,info@savannagener.co.tz,Plot 76 Market Street Arusha,Arusha,CRDB Bank,0198275526891,Passed,2023-05-15,False,,False,2.5,True
VND-0083,Northern Transport Supplies,Consultant,2433175-2015,357-671-172,Mary Mollel,+255 765 936 173,info@northerntran.co.tz,Plot 105 CBD Kilimanjaro,Kilimanjaro,Equity Bank Tanzania,0543431773117,Passed,2024-06-10,False,,False,2.8,True
VND-0084,Tanzania Trade Co,Consultant,8170490-2021,131-585-260,Mary Swai,+255 728 208 396,info@tanzaniatrad.co.tz,Plot 140 Industrial Area Manyara,Manyara,NMB Bank,0405810189914,Passed,2024-01-03,False,,False,4.1,True
VND-0085,Tanzania General Services,Supplier,7760761-2023,288-326-731,Mary Mwangi,+255 737 660 187,info@tanzaniagene.co.tz,Plot 47 Main Road Kilimanjaro,Kilimanjaro,Stanbic Bank Tanzania,0572775990662,Passed,2024-03-18,False,,True,4.2,True
VND-0086,Regional Agricultural Supplies,Consultant,6008810-2017,473-927-423,Mary Mwangi,+255 625 391 734,info@regionalagri.co.tz,Plot 81 Market Street Arusha,Arusha,Absa Bank Tanzania,0857771967546,Passed,2023-04-26,False,,False,3.4,True
VND-0087,Community Office Enterprises,Contractor,4218369-2016,119-969-619,David Lyimo,+255 644 761 721,info@communityoff.co.tz,Plot 149 CBD Arusha,Arusha,NMB Bank,0137678388366,Passed,2022-08-11,False,,False,5.0,True
VND-0088,Savanna Construction International,Contractor,3717875-2023,263-283-679,Amina Kimaro,+255 634 575 613,info@savannaconst.co.tz,Plot 189 CBD Manyara,Manyara,CRDB Bank,0324898461599,Passed,2023-08-19,False,,False,3.2,True
VND-0089,African Medical Supplies,Consultant,5314692-2023,485-769-487,Amina Mwangi,+255 611 140 764,info@africanmedic.co.tz,Plot 133 Industrial Area Arusha,Arusha,NMB Bank,0628525556461,Passed,2024-07-20,False,,False,3.4,True
VND-0090,Savanna Trade Ltd,Consultant,2938776-2018,438-837-216,Grace Swai,+255 731 758 387,info@savannatrade.co.tz,Plot 54 Market Street Arusha,Arusha,Equity Bank Tanzania,0122355506144,Passed,2022-06-07,False,,True,4.0,True
VND-0091,Eastern General Ltd,Consultant,5644187-2018,582-988-593,David Swai,+255 732 515 713,info@easterngener.co.tz,Plot 154 Market Street Kilimanjaro,Kilimanjaro,NMB Bank,0738791691623,Passed,2023-01-04,False,,False,4.3,True
VND-0092,Community Office Co,Supplier,3906587-2015,644-615-870,Grace Kimaro,+255 651 635 980,info@communityoff.co.tz,Plot 155 Main Road Arusha,Arusha,Absa Bank Tanzania,0764552457634,Passed,2022-02-03,False,,False,4.7,True
VND-0093,Highland Transport Enterprises,Contractor,9908518-2019,,Peter Mwangi,+255 625 535 237,info@highlandtran.co.tz,Plot 134 Main Road Manyara,Manyara,NMB Bank,0804943356423,Passed,2025-03-25,False,,False,2.8,True
VND-0094,Highland Trade Group,Contractor,8925359-2019,892-822-507,David Mwangi,+255 774 506 873,info@highlandtrad.co.tz,Plot 192 Market Street Manyara,Manyara,Absa Bank Tanzania,0265205149319,Passed,2023-07-19,False,,False,4.5,True
VND-0095,Tanzania Construction Associates,Consultant,7296510-2023,711-158-892,Amina Swai,+255 753 545 190,info@tanzaniacons.co.tz,Plot 113 Main Road Kilimanjaro,Kilimanjaro,Absa Bank Tanzania,0923643323392,Passed,2024-08-23,False,,True,4.5,True
VND-0096,African Trade Services,Consultant,9482115-2016,662-391-843,Peter Mollel,+255 640 188 382,info@africantrade.co.tz,Plot 89 Industrial Area Arusha,Arusha,NMB Bank,0565523579688,Passed,2022-01-01,False,,True,2.9,True
VND-0097,Northern General Co,Consultant,8923888-2018,894-569-797,Peter Mwangi,+255 665 997 650,info@northerngene.co.tz,Plot 124 Main Road Arusha,Arusha,Equity Bank Tanzania,0748926965325,Pending,2024-11-17,False,,False,,True
VND-0098,African Training Associates,Contractor,8807421-2020,687-375-287,Amina Kimaro,+255 673 195 508,info@africantrain.co.tz,Plot 128 Market Street Manyara,Manyara,NMB Bank,0993378297311,Passed,2023-05-24,False,,False,4.6,True
VND-0099,Community Construction Co,Supplier,6167604-2019,882-623-386,David Lyimo,+255 757 106 882,info@communitycon.co.tz,Plot 33 Main Road Manyara,Manyara,Equity Bank Tanzania,0589667036133,Pending,2024-10-05,False,,False,,True
VND-0100,Highland Construction Enterprises,Supplier,9987369-2018,727-451-474,Grace Kimaro,+255 772 315 488,info@highlandcons.co.tz,Plot 108 Industrial Area Arusha,Arusha,Equity Bank Tanzania,0386572623284,Passed,2022-01-25,False,,False,4.9,True
VND-0101,African Agricultural Group,Supplier,9470646-2020,407-356-675,John Swai,+255 721 925 109,info@africanagric.co.tz,Plot 26 Market Street Arusha,Arusha,NBC Bank,0587979725744,Passed,2022-11-03,False,,True,4.4,True
VND-0102,Regional Training International,Consultant,3859899-2019,789-622-599,Grace Mwangi,+255 689 988 795,info@regionaltrai.co.tz,Plot 98 Industrial Area Arusha,Arusha,NMB Bank,0989275715755,Passed,2022-09-06,False,,False,3.3,True
VND-0103,Highland Agricultural Co,Supplier,6950865-2023,523-271-288,Mary Kimaro,+255 781 373 719,info@highlandagri.co.tz,Plot 170 Industrial Area Kilimanjaro,Kilimanjaro,Absa Bank Tanzania,0867183953315,Passed,2023-08-20,False,,True,2.8,True
VND-0104,Northern Office Ltd,Supplier,5053855-2019,229-234-639,John Mwangi,+255 626 368 732,info@northernoffi.co.tz,Plot 170 Industrial Area Manyara,Manyara,NBC Bank,0984599284578,Passed,2022-06-20,False,,False,3.9,True
VND-0105,Regional General Enterprises,Supplier,2467552-2019,,Peter Kimaro,+255 711 636 755,info@regionalgene.co.tz,Plot 89 Industrial Area Manyara,Manyara,CRDB Bank,0804615827873,Passed,2025-03-01,False,,False,2.5,True
VND-0106,Highland Consulting Supplies,Supplier,5308181-2021,629-882-919,David Mollel,+255 711 504 355,info@highlandcons.co.tz,Plot 73 Industrial Area Kilimanjaro,Kilimanjaro,CRDB Bank,0286243260396,Passed,2025-02-22,False,,True,3.6,True
VND-0107,savanna consulting enterprises,Supplier,2477254-2015,450-530-419,Grace Mollel,+255 605 290 204,info@savannaconsu.co.tz,Plot 119 Main Road Kilimanjaro,Kilimanjaro,NMB Bank,0157379449894,Passed,2024-12-31,False,,False,3.9,True
VND-0108,Eastern Transport Group,Contractor,2539633-2018,797-419-430,Amina Mwangi,+255 698 889 553,info@easterntrans.co.tz,Plot 191 Main Road Kilimanjaro,Kilimanjaro,Absa Bank Tanzania,0405308376469,Failed,2023-05-25,True,Failed due diligence check,False,,False
VND-0109,African Agricultural Supplies,Consultant,8786804-2017,191-354-261,Amina Lyimo,+255 749 222 505,,Plot 87 Main Road Arusha,Arusha,Absa Bank Tanzania,0257835395649,Passed,2023-07-20,False,,False,2.8,True
VND-0110,African Training International,Contractor,9029294-2017,431-849-579,David Lyimo,+255 785 237 356,info@africantrain.co.tz,Plot 142 Market Street Kilimanjaro,Kilimanjaro,NMB Bank,0560410035939,Passed,2024-01-04,False,,False,3.4,True
VND-0111,Tanzania General Associates,Consultant,4110636-2022,257-727-389,Amina Mollel,+255 798 735 344,info@tanzaniagene.co.tz,Plot 29 Main Road Kilimanjaro,Kilimanjaro,CRDB Bank,0144975763232,Passed,2024-01-16,False,,True,2.6,True
VND-0112,Northern Office Supplies,Supplier,2161113-2018,952-181-579,John Mollel,+255 768 601 638,info@northernoffi.co.tz,Plot 143 CBD Manyara,Manyara,Absa Bank Tanzania,0159963652731,Passed,2024-03-06,False,,False,2.6,True
VND-0113,Northern Consulting Co,Supplier,7802864-2016,690-466-790,Amina Swai,+255 698 294 297,info@northerncons.co.tz,Plot 27 Market Street Kilimanjaro,Kilimanjaro,Stanbic Bank Tanzania,0511629208445,Passed,2024-12-24,False,,False,3.8,True
VND-0114,Savanna Training International,Consultant,5162468-2022,,James Lyimo,+255 785 431 723,info@savannatrain.co.tz,Plot 5 Market Street Arusha,Arusha,NBC Bank,0106414922327,Passed,2024-05-31,False,,False,3.3,True
VND-0115,Regional General Services,Supplier,4562851-2016,911-594-277,Amina Lyimo,+255 667 475 696,info@regionalgene.co.tz,Plot 25 Industrial Area Arusha,Arusha,Stanbic Bank Tanzania,0490182289898,Passed,2022-10-11,False,,True,4.4,True
VND-0116,Community ICT Associates,Supplier,3450434-2023,256-151-789,Grace Swai,+255 602 749 896,info@communityict.co.tz,Plot 193 Main Road Manyara,Manyara,NBC Bank,0905513477251,Passed,2025-05-18,False,,True,2.7,True
VND-0117,Tanzania General Associates,Contractor,9589352-2018,895-540-431,Peter Mwangi,+255 795 238 592,info@tanzaniagene.co.tz,Plot 29 CBD Arusha,Arusha,NBC Bank,0295436318452,Passed,2022-09-25,False,,False,2.6,True
VND-0118,Regional Construction International,Consultant,1893348-2017,939-394-114,David Mwangi,+255 659 304 801,info@regionalcons.co.tz,Plot 79 CBD Manyara,Manyara,NBC Bank,0314875959650,Passed,2022-04-02,False,,False,3.9,True
VND-0119,Regional General Enterprises,Consultant,5444154-2022,108-168-497,Amina Mollel,+255 696 696 779,info@regionalgene.co.tz,Plot 28 Main Road Manyara,Manyara,Absa Bank Tanzania,0495342397489,Passed,2022-02-07,False,,False,4.3,True
VND-0120,Community Office Co,Supplier,3572118-2020,463-740-409,Peter Mollel,+255 782 122 140,info@communityoff.co.tz,Plot 16 Industrial Area Manyara,Manyara,CRDB Bank,0668393804330,Failed,2025-02-22,True,Failed due diligence check,True,,False
VND-0121,Highland Construction Co,Consultant,9883234-2018,694-654-800,David Kimaro,+255 706 346 686,info@highlandcons.co.tz,Plot 80 Market Street Manyara,Manyara,NMB Bank,0771692282261,Failed,2023-04-11,True,Failed due diligence check,False,,False
VND-0122,Northern Construction International,Supplier,3489897-2018,289-126-880,Peter Mollel,+255 705 410 553,info@northerncons.co.tz,Plot 156 Market Street Arusha,Arusha,NMB Bank,0803127351467,Pending,2024-04-27,False,,True,,True
VND-0123,savanna construction enterprises,Consultant,5421522-2018,307-875-309,Grace Lyimo,+255 721 240 267,info@savannaconst.co.tz,Plot 126 Industrial Area Kilimanjaro,Kilimanjaro,NMB Bank,0537524533894,Passed,2024-10-03,False,,True,4.3,True
VND-0124,Highland Training Associates,Consultant,9456883-2015,550-507-411,James Swai,+255 610 998 351,info@highlandtrai.co.tz,Plot 43 CBD Manyara,Manyara,CRDB Bank,0806642081245,Passed,2024-07-24,False,,False,4.1,True
VND-0125,Northern General Co,Supplier,5097431-2017,226-193-216,Amina Mollel,+255 606 283 564,info@northerngene.co.tz,Plot 22 CBD Arusha,Arusha,Stanbic Bank Tanzania,0726267666487,Passed,2024-07-12,False,,False,2.6,True
VND-0126,Eastern Training Services,Supplier,3155307-2015,359-112-569,Grace Lyimo,+255 707 415 416,info@easterntrain.co.tz,Plot 2 CBD Kilimanjaro,Kilimanjaro,Stanbic Bank Tanzania,0775598820564,Passed,2022-04-16,False,,False,2.7,True
VND-0127,Tanzania Transport Group,Consultant,6424189-2015,282-265-788,Amina Lyimo,+255 767 457 137,info@tanzaniatran.co.tz,Plot 147 Market Street Kilimanjaro,Kilimanjaro,Absa Bank Tanzania,0692477685136,Passed,2022-04-23,False,,True,3.2,True
VND-0128,Community ICT Co,Contractor,1953211-2023,595-841-805,David Mollel,+255 777 980 381,info@communityict.co.tz,Plot 110 Industrial Area Arusha,Arusha,Stanbic Bank Tanzania,0738471042232,Passed,2022-09-07,False,,False,3.7,True
VND-0129,Savanna Office Services,Consultant,7793523-2015,673-925-752,Amina Kimaro,+255 600 221 124,info@savannaoffic.co.tz,Plot 177 Industrial Area Manyara,Manyara,CRDB Bank,0415414870618,Passed,2023-02-01,False,,False,4.4,True
VND-0130,Northern Training International,Contractor,9797443-2022,523-860-157,James Lyimo,+255 772 590 585,info@northerntrai.co.tz,Plot 186 Industrial Area Kilimanjaro,Kilimanjaro,CRDB Bank,0313705445801,Passed,2023-11-24,False,,False,4.8,True
VND-0131,Tanzania Events Management,Contractor,6152826-2015,188-608-998,Grace Mollel,+255 642 684 720,info@communityagr.co.tz,Plot 56 Industrial Area Arusha,Arusha,NBC Bank,0903139211896,Failed,2024-12-30,True,Failed due diligence check,False,,False
VND-0132,Northern Office Ltd,Contractor,9456792-2017,137-570-496,Peter Mwangi,+255 787 994 636,info@northernoffi.co.tz,Plot 2 Industrial Area Kilimanjaro,Kilimanjaro,Absa Bank Tanzania,0968723155992,Passed,2024-09-17,False,,True,3.7,True
VND-0133,Tanzania Agricultural Group,Supplier,3446261-2019,737-673-626,Peter Mollel,+255 651 297 393,info@tanzaniaagri.co.tz,Plot 141 Industrial Area Manyara,Manyara,Absa Bank Tanzania,0923397027687,Pending,2023-10-20,False,,False,,True
VND-0134,Northern Consulting International,Consultant,8304731-2020,937-302-830,David Lyimo,+255 772 151 208,info@northerncons.co.tz,Plot 21 CBD Kilimanjaro,Kilimanjaro,CRDB Bank,0932941325815,Passed,2024-08-22,False,,False,3.6,True
VND-0135,Savanna Office Supplies,Supplier,8987130-2016,459-590-572,James Mollel,+255 700 287 816,info@savannaoffic.co.tz,Plot 155 Market Street Manyara,Manyara,Equity Bank Tanzania,0937848969915,Passed,2024-01-15,False,,True,3.9,True
VND-0136,Northern Consulting Enterprises,Contractor,8132680-2020,341-277-778,Amina Lyimo,+255 640 593 493,info@northerncons.co.tz,Plot 125 Main Road Kilimanjaro,Kilimanjaro,Equity Bank Tanzania,0433682051199,Passed,2025-01-27,False,,False,2.9,True
VND-0137,Highland Agricultural Co,Consultant,3403776-2017,398-499-730,Mary Kimaro,+255 623 322 936,info@highlandagri.co.tz,Plot 175 Industrial Area Arusha,Arusha,Absa Bank Tanzania,0411555844835,Passed,2022-05-06,False,,False,3.4,True
VND-0138,Northern Trade Ltd,Consultant,5623986-2015,819-704-503,Amina Swai,,info@northerntrad.co.tz,Plot 104 CBD Kilimanjaro,Kilimanjaro,NMB Bank,0778281833586,Passed,2022-05-08,False,,True,3.9,True
VND-0139,Community ICT Services,Contractor,7813980-2022,812-718-535,Grace Lyimo,+255 636 838 598,info@communityict.co.tz,Plot 109 CBD Kilimanjaro,Kilimanjaro,NMB Bank,0290545405719,Passed,2022-02-02,False,,True,3.7,True
VND-0140,African General Group,Contractor,9624979-2019,180-635-724,Grace Mwangi,+255 723 821 477,info@africangener.co.tz,Plot 176 Industrial Area Kilimanjaro,Kilimanjaro,NBC Bank,0647916344111,Failed,2025-03-09,True,Failed due diligence check,False,,False
VND-0141,Savanna Trade International,Contractor,3770686-2015,398-928-855,James Swai,+255 777 711 867,info@savannatrade.co.tz,Plot 22 Market Street Arusha,Arusha,NBC Bank,0358238976730,Passed,2022-03-14,False,,False,4.6,True
VND-0142,Northern Research and Consulting,Consultant,2382248-2017,870-522-888,Amina Swai,+255 666 901 817,info@tanzaniaagri.co.tz,Plot 186 Market Street Manyara,Manyara,Absa Bank Tanzania,0962461838155,Passed,2022-12-26,False,,False,4.4,True
VND-0143,Northern Medical Services,Contractor,1194395-2022,423-642-799,John Lyimo,+255 659 488 799,info@northernmedi.co.tz,Plot 164 Industrial Area Arusha,Arusha,Equity Bank Tanzania,0725783740978,Passed,2024-12-26,False,,False,3.2,True
VND-0144,Northern Consulting Associates,Contractor,2113112-2021,206-801-556,Amina Mollel,+255 733 445 793,info@northerncons.co.tz,Plot 65 Market Street Manyara,Manyara,Stanbic Bank Tanzania,0194159645708,Passed,2023-02-04,False,,False,4.6,True
VND-0145,Northern Agricultural Co,Consultant,8429383-2021,783-888-888,Mary Mwangi,+255 647 213 812,info@northernagri.co.tz,Plot 71 Main Road Arusha,Arusha,NBC Bank,0161370782932,Passed,2025-03-05,False,,False,3.6,True
VND-0146,Savanna Transport Associates,Supplier,2153685-2019,119-609-252,John Mwangi,+255 655 728 758,info@savannatrans.co.tz,Plot 171 CBD Kilimanjaro,Kilimanjaro,Absa Bank Tanzania,0437510339688,Passed,2024-06-02,False,,True,4.3,True
VND-0147,Savanna Office Associates,Contractor,5961510-2015,762-192-474,James Mwangi,+255 776 937 898,info@savannaoffic.co.tz,Plot 118 Industrial Area Manyara,Manyara,NMB Bank,0667141241493,Passed,2024-02-27,False,,False,3.2,True
VND-0148,Kilimanjaro Construction Company,Contractor,9856758-2019,954-931-560,John Mwangi,,info@highlandagri.co.tz,Plot 87 Main Road Manyara,Manyara,Absa Bank Tanzania,0143525205221,Passed,2023-01-24,False,,False,4.1,True
VND-0149,Savanna General Services,Consultant,3138114-2017,414-940-912,Peter Kimaro,+255 725 769 119,info@savannagener.co.tz,Plot 152 Main Road Kilimanjaro,Kilimanjaro,CRDB Bank,0216621292709,Passed,2022-10-17,False,,False,3.1,True
VND-0150,African ICT International,Consultant,6496164-2016,875-525-272,Peter Kimaro,+255 739 240 429,info@africanictin.co.tz,Plot 113 Market Street Arusha,Arusha,CRDB Bank,0236204823910,Passed,2025-03-25,False,,False,4.0,True
