allocation_id,grant_id,project_id,budget_line_id,activity_id,period_id,original_amount,revised_amount,currency,version,virement_reference,approved_by,approval_date,notes
BGA-0001,GRT-2023-001,PRJ-2023-001,BDL-0012,ACT-0003,FP-2025-01,4926.49,4926.49,USD,1,,,,
BGA-0002,GRT-2023-001,PRJ-2023-001,BDL-0012,ACT-0004,FP-2025-02,5280.62,5280.62,USD,1,,,,
BGA-0003,GRT-2023-001,PRJ-2023-001,BDL-0012,ACT-0004,FP-2025-03,4509.63,4509.63,USD,1,,,,
BGA-0004,GRT-2023-001,PRJ-2023-001,BDL-0012,ACT-0004,FP-2025-04,8706.77,8706.77,USD,1,,,,
BGA-0005,GRT-2023-001,PRJ-2023-001,BDL-0012,ACT-0002,FP-2025-05,6197.41,6197.41,USD,1,,,,
BGA-0006,GRT-2023-001,PRJ-2023-001,BDL-0012,ACT-0002,FP-2025-06,7202.24,6532.77,USD,2,VIR-2025-007,STF-003,2025-06-16,Quarterly reallocation
BGA-0007,GRT-2023-001,PRJ-2023-001,BDL-0012,ACT-0001,FP-2025-07,8055.64,8055.64,USD,1,,,,
BGA-0008,GRT-2023-001,PRJ-2023-001,BDL-0012,ACT-0002,FP-2025-08,7888.65,7888.65,USD,1,,,,
BGA-0009,GRT-2023-001,PRJ-2023-001,BDL-0012,ACT-0005,FP-2025-09,9516.69,9516.69,USD,1,,,,
BGA-0010,GRT-2023-001,PRJ-2023-001,BDL-0012,ACT-0003,FP-2025-10,4323.23,4123.99,USD,2,VIR-2025-010,STF-003,2025-08-29,Quarterly reallocation
BGA-0011,GRT-2023-001,PRJ-2023-001,BDL-0012,ACT-0001,FP-2025-11,5879.79,5879.79,USD,1,,,,
BGA-0012,GRT-2023-001,PRJ-2023-001,BDL-0012,ACT-0001,FP-2025-12,5985.3,5985.3,USD,1,,,,
BGA-0013,GRT-2023-001,PRJ-2023-001,BDL-0018,ACT-0005,FP-2025-01,4183.51,4183.51,USD,1,,,,
BGA-0014,GRT-2023-001,PRJ-2023-001,BDL-0018,ACT-0004,FP-2025-02,5019.83,5019.83,USD,1,,,,
BGA-0015,GRT-2023-001,PRJ-2023-001,BDL-0018,ACT-0005,FP-2025-03,5305.09,5537.25,USD,2,VIR-2025-046,STF-001,2025-03-16,Quarterly reallocation
BGA-0016,GRT-2023-001,PRJ-2023-001,BDL-0018,ACT-0002,FP-2025-04,6948.04,6948.04,USD,1,,,,
BGA-0017,GRT-2023-001,PRJ-2023-001,BDL-0018,ACT-0001,FP-2025-05,7352.54,7352.54,USD,1,,,,
BGA-0018,GRT-2023-001,PRJ-2023-001,BDL-0018,ACT-0005,FP-2025-06,7217.6,7217.6,USD,1,,,,
BGA-0019,GRT-2023-001,PRJ-2023-001,BDL-0018,ACT-0005,FP-2025-07,8316.01,8316.01,USD,1,,,,
BGA-0020,GRT-2023-001,PRJ-2023-001,BDL-0018,ACT-0004,FP-2025-08,8348.93,8348.93,USD,1,,,,
BGA-0021,GRT-2023-001,PRJ-2023-001,BDL-0018,ACT-0003,FP-2025-09,6679.84,6679.84,USD,1,,,,
BGA-0022,GRT-2023-001,PRJ-2023-001,BDL-0018,ACT-0001,FP-2025-10,4604.16,4540.63,USD,2,VIR-2025-047,STF-003,2025-06-10,Quarterly reallocation
BGA-0023,GRT-2023-001,PRJ-2023-001,BDL-0018,ACT-0003,FP-2025-11,4297.74,4297.74,USD,1,,,,
BGA-0024,GRT-2023-001,PRJ-2023-001,BDL-0018,ACT-0003,FP-2025-12,4358.51,4358.51,USD,1,,,,
BGA-0025,GRT-2023-001,PRJ-2023-001,BDL-0004,ACT-0004,FP-2025-01,1315.96,1315.96,USD,1,,,,
BGA-0026,GRT-2023-001,PRJ-2023-001,BDL-0004,ACT-0002,FP-2025-02,1394.22,1394.22,USD,1,,,,
BGA-0027,GRT-2023-001,PRJ-2023-001,BDL-0004,ACT-0004,FP-2025-03,1315.02,1195.68,USD,2,VIR-2025-013,STF-001,2025-07-22,Quarterly reallocation
BGA-0028,GRT-2023-001,PRJ-2023-001,BDL-0004,ACT-0003,FP-2025-04,1440.26,1481.81,USD,2,VIR-2025-035,STF-002,2025-03-06,Quarterly reallocation
BGA-0029,GRT-2023-001,PRJ-2023-001,BDL-0004,ACT-0003,FP-2025-05,1333.62,1333.62,USD,1,,,,
BGA-0030,GRT-2023-001,PRJ-2023-001,BDL-0004,ACT-0003,FP-2025-06,1543.4,1543.4,USD,1,,,,
BGA-0031,GRT-2023-001,PRJ-2023-001,BDL-0004,ACT-0004,FP-2025-07,1701.2,1701.2,USD,1,,,,
BGA-0032,GRT-2023-001,PRJ-2023-001,BDL-0004,ACT-0004,FP-2025-08,2162.4,2162.4,USD,1,,,,
BGA-0033,GRT-2023-001,PRJ-2023-001,BDL-0004,ACT-0004,FP-2025-09,1750.46,1750.46,USD,1,,,,
BGA-0034,GRT-2023-001,PRJ-2023-001,BDL-0004,ACT-0003,FP-2025-10,1107.28,1107.28,USD,1,,,,
BGA-0035,GRT-2023-001,PRJ-2023-001,BDL-0004,ACT-0001,FP-2025-11,1310.18,1310.18,USD,1,,,,
BGA-0036,GRT-2023-001,PRJ-2023-001,BDL-0004,ACT-0002,FP-2025-12,1136.87,1136.87,USD,1,,,,
BGA-0037,GRT-2023-001,PRJ-2023-001,BDL-0017,ACT-0001,FP-2025-01,4759.63,4759.63,USD,1,,,,
BGA-0038,GRT-2023-001,PRJ-2023-001,BDL-0017,ACT-0004,FP-2025-02,4352.84,4352.84,USD,1,,,,
BGA-0039,GRT-2023-001,PRJ-2023-001,BDL-0017,ACT-0004,FP-2025-03,4866.49,4866.49,USD,1,,,,
BGA-0040,GRT-2023-001,PRJ-2023-001,BDL-0017,ACT-0003,FP-2025-04,6155.83,6486.48,USD,2,VIR-2025-028,STF-002,2025-06-13,Quarterly reallocation
BGA-0041,GRT-2023-001,PRJ-2023-001,BDL-0017,ACT-0001,FP-2025-05,7801.05,7801.05,USD,1,,,,
BGA-0042,GRT-2023-001,PRJ-2023-001,BDL-0017,ACT-0005,FP-2025-06,6992.57,6992.57,USD,1,,,,
BGA-0043,GRT-2023-001,PRJ-2023-001,BDL-0017,ACT-0001,FP-2025-07,8380.17,8380.17,USD,1,,,,
BGA-0044,GRT-2023-001,PRJ-2023-001,BDL-0017,ACT-0004,FP-2025-08,6410.65,6410.65,USD,1,,,,
BGA-0045,GRT-2023-001,PRJ-2023-001,BDL-0017,ACT-0003,FP-2025-09,6087.6,6030.0,USD,2,VIR-2025-037,STF-001,2025-06-04,Quarterly reallocation
BGA-0046,GRT-2023-001,PRJ-2023-001,BDL-0017,ACT-0003,FP-2025-10,4026.59,4026.59,USD,1,,,,
BGA-0047,GRT-2023-001,PRJ-2023-001,BDL-0017,ACT-0005,FP-2025-11,4435.29,4435.29,USD,1,,,,
BGA-0048,GRT-2023-001,PRJ-2023-001,BDL-0017,ACT-0003,FP-2025-12,3997.15,3997.15,USD,1,,,,
BGA-0049,GRT-2023-001,PRJ-2023-001,BDL-0019,ACT-0001,FP-2025-01,4441.99,4441.99,USD,1,,,,
BGA-0050,GRT-2023-001,PRJ-2023-001,BDL-0019,ACT-0005,FP-2025-02,3396.44,3396.44,USD,1,,,,
BGA-0051,GRT-2023-001,PRJ-2023-001,BDL-0019,ACT-0003,FP-2025-03,4001.78,4001.78,USD,1,,,,
BGA-0052,GRT-2023-001,PRJ-2023-001,BDL-0019,ACT-0002,FP-2025-04,6513.12,6513.12,USD,1,,,,
BGA-0053,GRT-2023-001,PRJ-2023-001,BDL-0019,ACT-0004,FP-2025-05,7032.77,7032.77,USD,1,,,,
BGA-0054,GRT-2023-001,PRJ-2023-001,BDL-0019,ACT-0001,FP-2025-06,5164.04,5164.04,USD,1,,,,
BGA-0055,GRT-2023-001,PRJ-2023-001,BDL-0019,ACT-0004,FP-2025-07,6577.36,6577.36,USD,1,,,,
BGA-0056,GRT-2023-001,PRJ-2023-001,BDL-0019,ACT-0003,FP-2025-08,8039.86,8039.86,USD,1,,,,
BGA-0057,GRT-2023-001,PRJ-2023-001,BDL-0019,ACT-0005,FP-2025-09,7156.21,7156.21,USD,1,,,,
BGA-0058,GRT-2023-001,PRJ-2023-001,BDL-0019,ACT-0002,FP-2025-10,4261.95,4261.95,USD,1,,,,
BGA-0059,GRT-2023-001,PRJ-2023-001,BDL-0019,ACT-0002,FP-2025-11,4546.35,4546.35,USD,1,,,,
BGA-0060,GRT-2023-001,PRJ-2023-001,BDL-0019,ACT-0001,FP-2025-12,4683.63,4683.63,USD,1,,,,
BGA-0061,GRT-2023-001,PRJ-2023-002,BDL-0007,ACT-0009,FP-2025-01,1353.48,1353.48,USD,1,,,,
BGA-0062,GRT-2023-001,PRJ-2023-002,BDL-0007,ACT-0006,FP-2025-02,1607.32,1607.32,USD,1,,,,
BGA-0063,GRT-2023-001,PRJ-2023-002,BDL-0007,ACT-0009,FP-2025-03,1184.28,1184.28,USD,1,,,,
BGA-0064,GRT-2023-001,PRJ-2023-002,BDL-0007,ACT-0006,FP-2025-04,2027.15,2027.15,USD,1,,,,
BGA-0065,GRT-2023-001,PRJ-2023-002,BDL-0007,ACT-0006,FP-2025-05,1705.81,1705.81,USD,1,,,,
BGA-0066,GRT-2023-001,PRJ-2023-002,BDL-0007,ACT-0008,FP-2025-06,1966.37,1966.37,USD,1,,,,
BGA-0067,GRT-2023-001,PRJ-2023-002,BDL-0007,ACT-0007,FP-2025-07,1952.25,1952.25,USD,1,,,,
BGA-0068,GRT-2023-001,PRJ-2023-002,BDL-0007,ACT-0006,FP-2025-08,2538.8,2538.8,USD,1,,,,
BGA-0069,GRT-2023-001,PRJ-2023-002,BDL-0007,ACT-0008,FP-2025-09,2597.14,2597.14,USD,1,,,,
BGA-0070,GRT-2023-001,PRJ-2023-002,BDL-0007,ACT-0007,FP-2025-10,1240.98,1240.98,USD,1,,,,
BGA-0071,GRT-2023-001,PRJ-2023-002,BDL-0007,ACT-0008,FP-2025-11,1344.96,1344.96,USD,1,,,,
BGA-0072,GRT-2023-001,PRJ-2023-002,BDL-0007,ACT-0008,FP-2025-12,1631.55,1631.55,USD,1,,,,
BGA-0073,GRT-2023-001,PRJ-2023-002,BDL-0005,ACT-0006,FP-2025-01,1228.37,1228.37,USD,1,,,,
BGA-0074,GRT-2023-001,PRJ-2023-002,BDL-0005,ACT-0007,FP-2025-02,1446.51,1446.51,USD,1,,,,
BGA-0075,GRT-2023-001,PRJ-2023-002,BDL-0005,ACT-0008,FP-2025-03,1254.98,1254.98,USD,1,,,,
BGA-0076,GRT-2023-001,PRJ-2023-002,BDL-0005,ACT-0006,FP-2025-04,2300.22,2300.22,USD,1,,,,
BGA-0077,GRT-2023-001,PRJ-2023-002,BDL-0005,ACT-0008,FP-2025-05,1684.16,1684.16,USD,1,,,,
BGA-0078,GRT-2023-001,PRJ-2023-002,BDL-0005,ACT-0009,FP-2025-06,2145.34,2145.34,USD,1,,,,
BGA-0079,GRT-2023-001,PRJ-2023-002,BDL-0005,ACT-0008,FP-2025-07,2421.27,2567.7,USD,2,VIR-2025-020,STF-002,2025-03-04,Quarterly reallocation
BGA-0080,GRT-2023-001,PRJ-2023-002,BDL-0005,ACT-0008,FP-2025-08,2593.82,2593.82,USD,1,,,,
BGA-0081,GRT-2023-001,PRJ-2023-002,BDL-0005,ACT-0007,FP-2025-09,2269.08,2269.08,USD,1,,,,
BGA-0082,GRT-2023-001,PRJ-2023-002,BDL-0005,ACT-0007,FP-2025-10,1410.12,1410.12,USD,1,,,,
BGA-0083,GRT-2023-001,PRJ-2023-002,BDL-0005,ACT-0008,FP-2025-11,1352.66,1352.66,USD,1,,,,
BGA-0084,GRT-2023-001,PRJ-2023-002,BDL-0005,ACT-0009,FP-2025-12,1580.4,1580.4,USD,1,,,,
BGA-0085,GRT-2023-001,PRJ-2023-002,BDL-0008,ACT-0006,FP-2025-01,1024.04,1024.04,USD,1,,,,
BGA-0086,GRT-2023-001,PRJ-2023-002,BDL-0008,ACT-0008,FP-2025-02,1114.57,1114.57,USD,1,,,,
BGA-0087,GRT-2023-001,PRJ-2023-002,BDL-0008,ACT-0006,FP-2025-03,1177.27,1177.27,USD,1,,,,
BGA-0088,GRT-2023-001,PRJ-2023-002,BDL-0008,ACT-0009,FP-2025-04,1540.94,1540.94,USD,1,,,,
BGA-0089,GRT-2023-001,PRJ-2023-002,BDL-0008,ACT-0007,FP-2025-05,1512.72,1512.72,USD,1,,,,
BGA-0090,GRT-2023-001,PRJ-2023-002,BDL-0008,ACT-0008,FP-2025-06,1893.02,1893.02,USD,1,,,,
BGA-0091,GRT-2023-001,PRJ-2023-002,BDL-0008,ACT-0009,FP-2025-07,1683.89,1683.89,USD,1,,,,
BGA-0092,GRT-2023-001,PRJ-2023-002,BDL-0008,ACT-0006,FP-2025-08,1921.44,1921.44,USD,1,,,,
BGA-0093,GRT-2023-001,PRJ-2023-002,BDL-0008,ACT-0009,FP-2025-09,1607.16,1607.16,USD,1,,,,
BGA-0094,GRT-2023-001,PRJ-2023-002,BDL-0008,ACT-0008,FP-2025-10,1425.79,1425.79,USD,1,,,,
BGA-0095,GRT-2023-001,PRJ-2023-002,BDL-0008,ACT-0009,FP-2025-11,984.58,984.58,USD,1,,,,
BGA-0096,GRT-2023-001,PRJ-2023-002,BDL-0008,ACT-0006,FP-2025-12,1098.53,1107.02,USD,2,VIR-2025-017,STF-003,2025-04-04,Quarterly reallocation
BGA-0097,GRT-2023-001,PRJ-2023-002,BDL-0016,ACT-0009,FP-2025-01,3411.17,3411.17,USD,1,,,,
BGA-0098,GRT-2023-001,PRJ-2023-002,BDL-0016,ACT-0008,FP-2025-02,2531.55,2531.55,USD,1,,,,
BGA-0099,GRT-2023-001,PRJ-2023-002,BDL-0016,ACT-0009,FP-2025-03,3151.21,3438.29,USD,2,VIR-2025-018,STF-003,2025-06-24,Quarterly reallocation
BGA-0100,GRT-2023-001,PRJ-2023-002,BDL-0016,ACT-0006,FP-2025-04,4511.6,4511.6,USD,1,,,,
BGA-0101,GRT-2023-001,PRJ-2023-002,BDL-0016,ACT-0008,FP-2025-05,4136.4,4136.4,USD,1,,,,
BGA-0102,GRT-2023-001,PRJ-2023-002,BDL-0016,ACT-0007,FP-2025-06,4419.65,4419.65,USD,1,,,,
BGA-0103,GRT-2023-001,PRJ-2023-002,BDL-0016,ACT-0006,FP-2025-07,4342.55,4342.55,USD,1,,,,
BGA-0104,GRT-2023-001,PRJ-2023-002,BDL-0016,ACT-0008,FP-2025-08,4038.93,4038.93,USD,1,,,,
BGA-0105,GRT-2023-001,PRJ-2023-002,BDL-0016,ACT-0007,FP-2025-09,5537.08,5537.08,USD,1,,,,
BGA-0106,GRT-2023-001,PRJ-2023-002,BDL-0016,ACT-0008,FP-2025-10,3216.67,3216.67,USD,1,,,,
BGA-0107,GRT-2023-001,PRJ-2023-002,BDL-0016,ACT-0009,FP-2025-11,3617.92,3617.92,USD,1,,,,
BGA-0108,GRT-2023-001,PRJ-2023-002,BDL-0016,ACT-0008,FP-2025-12,3691.04,3691.04,USD,1,,,,
BGA-0109,GRT-2023-001,PRJ-2023-002,BDL-0001,ACT-0009,FP-2025-01,1963.23,1963.23,USD,1,,,,
BGA-0110,GRT-2023-001,PRJ-2023-002,BDL-0001,ACT-0006,FP-2025-02,2050.29,2050.29,USD,1,,,,
BGA-0111,GRT-2023-001,PRJ-2023-002,BDL-0001,ACT-0009,FP-2025-03,1792.65,1792.65,USD,1,,,,
BGA-0112,GRT-2023-001,PRJ-2023-002,BDL-0001,ACT-0006,FP-2025-04,2737.9,2737.9,USD,1,,,,
BGA-0113,GRT-2023-001,PRJ-2023-002,BDL-0001,ACT-0007,FP-2025-05,2751.9,2751.9,USD,1,,,,
BGA-0114,GRT-2023-001,PRJ-2023-002,BDL-0001,ACT-0007,FP-2025-06,2883.82,2883.82,USD,1,,,,
BGA-0115,GRT-2023-001,PRJ-2023-002,BDL-0001,ACT-0009,FP-2025-07,3057.01,3057.01,USD,1,,,,
BGA-0116,GRT-2023-001,PRJ-2023-002,BDL-0001,ACT-0006,FP-2025-08,2601.1,2601.1,USD,1,,,,
BGA-0117,GRT-2023-001,PRJ-2023-002,BDL-0001,ACT-0007,FP-2025-09,3115.55,3115.55,USD,1,,,,
BGA-0118,GRT-2023-001,PRJ-2023-002,BDL-0001,ACT-0007,FP-2025-10,1528.17,1528.17,USD,1,,,,
BGA-0119,GRT-2023-001,PRJ-2023-002,BDL-0001,ACT-0009,FP-2025-11,1826.41,1826.41,USD,1,,,,
BGA-0120,GRT-2023-001,PRJ-2023-002,BDL-0001,ACT-0006,FP-2025-12,2174.48,2174.48,USD,1,,,,
BGA-0121,GRT-2022-003,PRJ-2023-003,BDL-0046,ACT-0011,FP-2025-01,1387.75,1387.75,USD,1,,,,
BGA-0122,GRT-2022-003,PRJ-2023-003,BDL-0046,ACT-0014,FP-2025-02,1377.28,1377.28,USD,1,,,,
BGA-0123,GRT-2022-003,PRJ-2023-003,BDL-0046,ACT-0012,FP-2025-03,1318.27,1318.27,USD,1,,,,
BGA-0124,GRT-2022-003,PRJ-2023-003,BDL-0046,ACT-0011,FP-2025-04,2046.1,2046.1,USD,1,,,,
BGA-0125,GRT-2022-003,PRJ-2023-003,BDL-0046,ACT-0012,FP-2025-05,1786.57,1786.57,USD,1,,,,
BGA-0126,GRT-2022-003,PRJ-2023-003,BDL-0046,ACT-0013,FP-2025-06,2172.39,2172.39,USD,1,,,,
BGA-0127,GRT-2022-003,PRJ-2023-003,BDL-0046,ACT-0012,FP-2025-07,2075.87,2075.87,USD,1,,,,
BGA-0128,GRT-2022-003,PRJ-2023-003,BDL-0046,ACT-0014,FP-2025-08,2049.66,2049.66,USD,1,,,,
BGA-0129,GRT-2022-003,PRJ-2023-003,BDL-0046,ACT-0012,FP-2025-09,2132.0,2132.0,USD,1,,,,
BGA-0130,GRT-2022-003,PRJ-2023-003,BDL-0046,ACT-0012,FP-2025-10,1654.42,1654.42,USD,1,,,,
BGA-0131,GRT-2022-003,PRJ-2023-003,BDL-0046,ACT-0010,FP-2025-11,1143.45,1143.45,USD,1,,,,
BGA-0132,GRT-2022-003,PRJ-2023-003,BDL-0046,ACT-0012,FP-2025-12,1313.84,1313.84,USD,1,,,,
BGA-0133,GRT-2022-003,PRJ-2023-003,BDL-0058,ACT-0014,FP-2025-01,2797.01,2797.01,USD,1,,,,
BGA-0134,GRT-2022-003,PRJ-2023-003,BDL-0058,ACT-0012,FP-2025-02,2312.2,2312.2,USD,1,,,,
BGA-0135,GRT-2022-003,PRJ-2023-003,BDL-0058,ACT-0014,FP-2025-03,2175.92,2175.92,USD,1,,,,
BGA-0136,GRT-2022-003,PRJ-2023-003,BDL-0058,ACT-0014,FP-2025-04,3191.68,3052.58,USD,2,VIR-2025-015,STF-001,2025-01-26,Quarterly reallocation
BGA-0137,GRT-2022-003,PRJ-2023-003,BDL-0058,ACT-0010,FP-2025-05,3439.71,3439.71,USD,1,,,,
BGA-0138,GRT-2022-003,PRJ-2023-003,BDL-0058,ACT-0014,FP-2025-06,3821.54,3821.54,USD,1,,,,
BGA-0139,GRT-2022-003,PRJ-2023-003,BDL-0058,ACT-0013,FP-2025-07,4850.81,4850.81,USD,1,,,,
BGA-0140,GRT-2022-003,PRJ-2023-003,BDL-0058,ACT-0012,FP-2025-08,4035.59,4035.59,USD,1,,,,
BGA-0141,GRT-2022-003,PRJ-2023-003,BDL-0058,ACT-0010,FP-2025-09,3781.02,3781.02,USD,1,,,,
BGA-0142,GRT-2022-003,PRJ-2023-003,BDL-0058,ACT-0010,FP-2025-10,2700.25,2700.25,USD,1,,,,
BGA-0143,GRT-2022-003,PRJ-2023-003,BDL-0058,ACT-0011,FP-2025-11,2965.9,2965.9,USD,1,,,,
BGA-0144,GRT-2022-003,PRJ-2023-003,BDL-0058,ACT-0013,FP-2025-12,2986.97,3276.68,USD,2,VIR-2025-012,STF-003,2025-08-12,Quarterly reallocation
BGA-0145,GRT-2022-003,PRJ-2023-003,BDL-0048,ACT-0010,FP-2025-01,4011.63,4011.63,USD,1,,,,
BGA-0146,GRT-2022-003,PRJ-2023-003,BDL-0048,ACT-0012,FP-2025-02,3151.12,3151.12,USD,1,,,,
BGA-0147,GRT-2022-003,PRJ-2023-003,BDL-0048,ACT-0014,FP-2025-03,3132.15,3132.15,USD,1,,,,
BGA-0148,GRT-2022-003,PRJ-2023-003,BDL-0048,ACT-0011,FP-2025-04,4845.21,4845.21,USD,1,,,,
BGA-0149,GRT-2022-003,PRJ-2023-003,BDL-0048,ACT-0011,FP-2025-05,5472.36,5472.36,USD,1,,,,
BGA-0150,GRT-2022-003,PRJ-2023-003,BDL-0048,ACT-0013,FP-2025-06,5391.27,5391.27,USD,1,,,,
BGA-0151,GRT-2022-003,PRJ-2023-003,BDL-0048,ACT-0010,FP-2025-07,5809.32,5809.32,USD,1,,,,
BGA-0152,GRT-2022-003,PRJ-2023-003,BDL-0048,ACT-0014,FP-2025-08,6003.08,6003.08,USD,1,,,,
BGA-0153,GRT-2022-003,PRJ-2023-003,BDL-0048,ACT-0014,FP-2025-09,5866.6,5866.6,USD,1,,,,
BGA-0154,GRT-2022-003,PRJ-2023-003,BDL-0048,ACT-0013,FP-2025-10,3915.8,3915.8,USD,1,,,,
BGA-0155,GRT-2022-003,PRJ-2023-003,BDL-0048,ACT-0010,FP-2025-11,3448.47,3262.93,USD,2,VIR-2025-009,STF-002,2025-03-24,Quarterly reallocation
BGA-0156,GRT-2022-003,PRJ-2023-003,BDL-0048,ACT-0013,FP-2025-12,4025.04,3859.53,USD,2,VIR-2025-049,STF-002,2025-03-26,Quarterly reallocation
BGA-0157,GRT-2022-003,PRJ-2023-003,BDL-0052,ACT-0010,FP-2025-01,3247.75,3247.75,USD,1,,,,
BGA-0158,GRT-2022-003,PRJ-2023-003,BDL-0052,ACT-0011,FP-2025-02,3190.76,3190.76,USD,1,,,,
BGA-0159,GRT-2022-003,PRJ-2023-003,BDL-0052,ACT-0012,FP-2025-03,2909.4,2909.4,USD,1,,,,
BGA-0160,GRT-2022-003,PRJ-2023-003,BDL-0052,ACT-0012,FP-2025-04,4265.92,4265.92,USD,1,,,,
BGA-0161,GRT-2022-003,PRJ-2023-003,BDL-0052,ACT-0012,FP-2025-05,5313.92,5313.92,USD,1,,,,
BGA-0162,GRT-2022-003,PRJ-2023-003,BDL-0052,ACT-0011,FP-2025-06,4676.43,4676.43,USD,1,,,,
BGA-0163,GRT-2022-003,PRJ-2023-003,BDL-0052,ACT-0014,FP-2025-07,5594.24,5594.24,USD,1,,,,
BGA-0164,GRT-2022-003,PRJ-2023-003,BDL-0052,ACT-0013,FP-2025-08,5358.21,5358.21,USD,1,,,,
BGA-0165,GRT-2022-003,PRJ-2023-003,BDL-0052,ACT-0011,FP-2025-09,6224.43,6224.43,USD,1,,,,
BGA-0166,GRT-2022-003,PRJ-2023-003,BDL-0052,ACT-0014,FP-2025-10,3896.63,3896.63,USD,1,,,,
BGA-0167,GRT-2022-003,PRJ-2023-003,BDL-0052,ACT-0013,FP-2025-11,4053.63,4183.52,USD,2,VIR-2025-024,STF-001,2025-08-23,Quarterly reallocation
BGA-0168,GRT-2022-003,PRJ-2023-003,BDL-0052,ACT-0014,FP-2025-12,3617.72,4072.55,USD,2,VIR-2025-013,STF-003,2025-05-18,Quarterly reallocation
BGA-0169,GRT-2022-003,PRJ-2023-003,BDL-0057,ACT-0014,FP-2025-01,1829.21,1829.21,USD,1,,,,
BGA-0170,GRT-2022-003,PRJ-2023-003,BDL-0057,ACT-0014,FP-2025-02,2077.65,2077.65,USD,1,,,,
BGA-0171,GRT-2022-003,PRJ-2023-003,BDL-0057,ACT-0013,FP-2025-03,2117.63,2117.63,USD,1,,,,
BGA-0172,GRT-2022-003,PRJ-2023-003,BDL-0057,ACT-0014,FP-2025-04,3345.7,3345.7,USD,1,,,,
BGA-0173,GRT-2022-003,PRJ-2023-003,BDL-0057,ACT-0014,FP-2025-05,2877.24,2877.24,USD,1,,,,
BGA-0174,GRT-2022-003,PRJ-2023-003,BDL-0057,ACT-0010,FP-2025-06,2933.17,2933.17,USD,1,,,,
BGA-0175,GRT-2022-003,PRJ-2023-003,BDL-0057,ACT-0011,FP-2025-07,3261.76,3261.76,USD,1,,,,
BGA-0176,GRT-2022-003,PRJ-2023-003,BDL-0057,ACT-0012,FP-2025-08,3510.03,3773.62,USD,2,VIR-2025-035,STF-001,2025-08-28,Quarterly reallocation
BGA-0177,GRT-2022-003,PRJ-2023-003,BDL-0057,ACT-0013,FP-2025-09,3940.09,3940.09,USD,1,,,,
BGA-0178,GRT-2022-003,PRJ-2023-003,BDL-0057,ACT-0011,FP-2025-10,1728.71,1728.71,USD,1,,,,
BGA-0179,GRT-2022-003,PRJ-2023-003,BDL-0057,ACT-0013,FP-2025-11,2353.32,2353.32,USD,1,,,,
BGA-0180,GRT-2022-003,PRJ-2023-003,BDL-0057,ACT-0013,FP-2025-12,2020.32,2020.32,USD,1,,,,
BGA-0181,GRT-2023-002,PRJ-2023-004,BDL-0034,ACT-0016,FP-2025-01,467.25,467.25,USD,1,,,,
BGA-0182,GRT-2023-002,PRJ-2023-004,BDL-0034,ACT-0015,FP-2025-02,557.72,557.72,USD,1,,,,
BGA-0183,GRT-2023-002,PRJ-2023-004,BDL-0034,ACT-0016,FP-2025-03,625.21,625.21,USD,1,,,,
BGA-0184,GRT-2023-002,PRJ-2023-004,BDL-0034,ACT-0016,FP-2025-04,760.48,760.48,USD,1,,,,
BGA-0185,GRT-2023-002,PRJ-2023-004,BDL-0034,ACT-0015,FP-2025-05,781.77,781.77,USD,1,,,,
BGA-0186,GRT-2023-002,PRJ-2023-004,BDL-0034,ACT-0015,FP-2025-06,759.75,759.75,USD,1,,,,
BGA-0187,GRT-2023-002,PRJ-2023-004,BDL-0034,ACT-0015,FP-2025-07,1036.53,1036.53,USD,1,,,,
BGA-0188,GRT-2023-002,PRJ-2023-004,BDL-0034,ACT-0017,FP-2025-08,717.11,717.11,USD,1,,,,
BGA-0189,GRT-2023-002,PRJ-2023-004,BDL-0034,ACT-0015,FP-2025-09,976.06,976.06,USD,1,,,,
BGA-0190,GRT-2023-002,PRJ-2023-004,BDL-0034,ACT-0017,FP-2025-10,494.17,448.9,USD,2,VIR-2025-039,STF-003,2025-06-30,Quarterly reallocation
BGA-0191,GRT-2023-002,PRJ-2023-004,BDL-0034,ACT-0015,FP-2025-11,633.45,633.45,USD,1,,,,
BGA-0192,GRT-2023-002,PRJ-2023-004,BDL-0034,ACT-0015,FP-2025-12,529.81,529.81,USD,1,,,,
BGA-0193,GRT-2023-002,PRJ-2023-004,BDL-0041,ACT-0015,FP-2025-01,1035.94,1035.94,USD,1,,,,
BGA-0194,GRT-2023-002,PRJ-2023-004,BDL-0041,ACT-0017,FP-2025-02,941.73,941.73,USD,1,,,,
BGA-0195,GRT-2023-002,PRJ-2023-004,BDL-0041,ACT-0017,FP-2025-03,968.89,968.89,USD,1,,,,
BGA-0196,GRT-2023-002,PRJ-2023-004,BDL-0041,ACT-0015,FP-2025-04,1484.01,1484.01,USD,1,,,,
BGA-0197,GRT-2023-002,PRJ-2023-004,BDL-0041,ACT-0016,FP-2025-05,1572.11,1572.11,USD,1,,,,
BGA-0198,GRT-2023-002,PRJ-2023-004,BDL-0041,ACT-0017,FP-2025-06,1211.32,1356.59,USD,2,VIR-2025-012,STF-003,2025-06-23,Quarterly reallocation
BGA-0199,GRT-2023-002,PRJ-2023-004,BDL-0041,ACT-0016,FP-2025-07,1460.61,1460.61,USD,1,,,,
BGA-0200,GRT-2023-002,PRJ-2023-004,BDL-0041,ACT-0017,FP-2025-08,1770.15,1770.15,USD,1,,,,
BGA-0201,GRT-2023-002,PRJ-2023-004,BDL-0041,ACT-0015,FP-2025-09,1395.34,1395.34,USD,1,,,,
BGA-0202,GRT-2023-002,PRJ-2023-004,BDL-0041,ACT-0017,FP-2025-10,865.0,865.0,USD,1,,,,
BGA-0203,GRT-2023-002,PRJ-2023-004,BDL-0041,ACT-0016,FP-2025-11,930.3,930.3,USD,1,,,,
BGA-0204,GRT-2023-002,PRJ-2023-004,BDL-0041,ACT-0016,FP-2025-12,1074.74,1074.74,USD,1,,,,
BGA-0205,GRT-2023-002,PRJ-2023-004,BDL-0024,ACT-0016,FP-2025-01,3718.31,3718.31,USD,1,,,,
BGA-0206,GRT-2023-002,PRJ-2023-004,BDL-0024,ACT-0015,FP-2025-02,3262.31,3262.31,USD,1,,,,
BGA-0207,GRT-2023-002,PRJ-2023-004,BDL-0024,ACT-0015,FP-2025-03,2876.68,2876.68,USD,1,,,,
BGA-0208,GRT-2023-002,PRJ-2023-004,BDL-0024,ACT-0015,FP-2025-04,5219.0,5219.0,USD,1,,,,
BGA-0209,GRT-2023-002,PRJ-2023-004,BDL-0024,ACT-0015,FP-2025-05,4528.56,4528.56,USD,1,,,,
BGA-0210,GRT-2023-002,PRJ-2023-004,BDL-0024,ACT-0017,FP-2025-06,4051.4,4051.4,USD,1,,,,
BGA-0211,GRT-2023-002,PRJ-2023-004,BDL-0024,ACT-0017,FP-2025-07,4162.93,4500.45,USD,2,VIR-2025-036,STF-001,2025-05-03,Quarterly reallocation
BGA-0212,GRT-2023-002,PRJ-2023-004,BDL-0024,ACT-0016,FP-2025-08,4508.57,4508.57,USD,1,,,,
BGA-0213,GRT-2023-002,PRJ-2023-004,BDL-0024,ACT-0015,FP-2025-09,6035.59,6883.71,USD,2,VIR-2025-008,STF-003,2025-07-13,Quarterly reallocation
BGA-0214,GRT-2023-002,PRJ-2023-004,BDL-0024,ACT-0017,FP-2025-10,3162.34,3162.34,USD,1,,,,
BGA-0215,GRT-2023-002,PRJ-2023-004,BDL-0024,ACT-0015,FP-2025-11,3449.17,3449.17,USD,1,,,,
BGA-0216,GRT-2023-002,PRJ-2023-004,BDL-0024,ACT-0016,FP-2025-12,3255.66,3255.66,USD,1,,,,
BGA-0217,GRT-2023-002,PRJ-2023-004,BDL-0026,ACT-0016,FP-2025-01,581.49,581.49,USD,1,,,,
BGA-0218,GRT-2023-002,PRJ-2023-004,BDL-0026,ACT-0016,FP-2025-02,533.23,533.23,USD,1,,,,
BGA-0219,GRT-2023-002,PRJ-2023-004,BDL-0026,ACT-0017,FP-2025-03,581.43,581.43,USD,1,,,,
BGA-0220,GRT-2023-002,PRJ-2023-004,BDL-0026,ACT-0015,FP-2025-04,815.15,815.15,USD,1,,,,
BGA-0221,GRT-2023-002,PRJ-2023-004,BDL-0026,ACT-0017,FP-2025-05,782.54,782.54,USD,1,,,,
BGA-0222,GRT-2023-002,PRJ-2023-004,BDL-0026,ACT-0015,FP-2025-06,945.4,945.4,USD,1,,,,
BGA-0223,GRT-2023-002,PRJ-2023-004,BDL-0026,ACT-0017,FP-2025-07,852.86,852.86,USD,1,,,,
BGA-0224,GRT-2023-002,PRJ-2023-004,BDL-0026,ACT-0015,FP-2025-08,1026.11,1026.11,USD,1,,,,
BGA-0225,GRT-2023-002,PRJ-2023-004,BDL-0026,ACT-0015,FP-2025-09,878.93,878.93,USD,1,,,,
BGA-0226,GRT-2023-002,PRJ-2023-004,BDL-0026,ACT-0017,FP-2025-10,589.28,589.28,USD,1,,,,
BGA-0227,GRT-2023-002,PRJ-2023-004,BDL-0026,ACT-0016,FP-2025-11,551.15,551.15,USD,1,,,,
BGA-0228,GRT-2023-002,PRJ-2023-004,BDL-0026,ACT-0016,FP-2025-12,699.44,699.44,USD,1,,,,
BGA-0229,GRT-2023-002,PRJ-2023-004,BDL-0033,ACT-0016,FP-2025-01,1663.08,1663.08,USD,1,,,,
BGA-0230,GRT-2023-002,PRJ-2023-004,BDL-0033,ACT-0016,FP-2025-02,1466.03,1466.03,USD,1,,,,
BGA-0231,GRT-2023-002,PRJ-2023-004,BDL-0033,ACT-0017,FP-2025-03,1476.02,1476.02,USD,1,,,,
BGA-0232,GRT-2023-002,PRJ-2023-004,BDL-0033,ACT-0015,FP-2025-04,2797.98,2797.98,USD,1,,,,
BGA-0233,GRT-2023-002,PRJ-2023-004,BDL-0033,ACT-0015,FP-2025-05,2786.58,2786.58,USD,1,,,,
BGA-0234,GRT-2023-002,PRJ-2023-004,BDL-0033,ACT-0015,FP-2025-06,2282.48,2282.48,USD,1,,,,
BGA-0235,GRT-2023-002,PRJ-2023-004,BDL-0033,ACT-0015,FP-2025-07,2236.12,2236.12,USD,1,,,,
BGA-0236,GRT-2023-002,PRJ-2023-004,BDL-0033,ACT-0017,FP-2025-08,2709.48,2709.48,USD,1,,,,
BGA-0237,GRT-2023-002,PRJ-2023-004,BDL-0033,ACT-0016,FP-2025-09,2852.2,2852.2,USD,1,,,,
BGA-0238,GRT-2023-002,PRJ-2023-004,BDL-0033,ACT-0017,FP-2025-10,1797.19,1865.32,USD,2,VIR-2025-001,STF-001,2025-05-16,Quarterly reallocation
BGA-0239,GRT-2023-002,PRJ-2023-004,BDL-0033,ACT-0016,FP-2025-11,1839.71,1839.71,USD,1,,,,
BGA-0240,GRT-2023-002,PRJ-2023-004,BDL-0033,ACT-0017,FP-2025-12,1363.22,1363.22,USD,1,,,,
BGA-0241,GRT-2022-004,PRJ-2023-005,BDL-0132,ACT-0019,FP-2025-01,354.4,354.4,TZS,1,,,,
BGA-0242,GRT-2022-004,PRJ-2023-005,BDL-0132,ACT-0019,FP-2025-02,445.21,445.21,TZS,1,,,,
BGA-0243,GRT-2022-004,PRJ-2023-005,BDL-0132,ACT-0019,FP-2025-03,328.79,328.79,TZS,1,,,,
BGA-0244,GRT-2022-004,PRJ-2023-005,BDL-0132,ACT-0018,FP-2025-04,567.9,567.9,TZS,1,,,,
BGA-0245,GRT-2022-004,PRJ-2023-005,BDL-0132,ACT-0018,FP-2025-05,509.22,509.22,TZS,1,,,,
BGA-0246,GRT-2022-004,PRJ-2023-005,BDL-0132,ACT-0018,FP-2025-06,587.54,587.54,TZS,1,,,,
BGA-0247,GRT-2022-004,PRJ-2023-005,BDL-0132,ACT-0020,FP-2025-07,529.72,529.72,TZS,1,,,,
BGA-0248,GRT-2022-004,PRJ-2023-005,BDL-0132,ACT-0020,FP-2025-08,626.51,626.51,TZS,1,,,,
BGA-0249,GRT-2022-004,PRJ-2023-005,BDL-0132,ACT-0019,FP-2025-09,549.43,549.43,TZS,1,,,,
BGA-0250,GRT-2022-004,PRJ-2023-005,BDL-0132,ACT-0018,FP-2025-10,418.28,418.28,TZS,1,,,,
BGA-0251,GRT-2022-004,PRJ-2023-005,BDL-0132,ACT-0018,FP-2025-11,457.79,457.79,TZS,1,,,,
BGA-0252,GRT-2022-004,PRJ-2023-005,BDL-0132,ACT-0020,FP-2025-12,349.72,349.72,TZS,1,,,,
BGA-0253,GRT-2022-004,PRJ-2023-005,BDL-0124,ACT-0018,FP-2025-01,322.06,344.96,TZS,2,VIR-2025-018,STF-003,2025-05-25,Quarterly reallocation
BGA-0254,GRT-2022-004,PRJ-2023-005,BDL-0124,ACT-0019,FP-2025-02,345.82,345.82,TZS,1,,,,
BGA-0255,GRT-2022-004,PRJ-2023-005,BDL-0124,ACT-0018,FP-2025-03,262.24,262.24,TZS,1,,,,
BGA-0256,GRT-2022-004,PRJ-2023-005,BDL-0124,ACT-0019,FP-2025-04,501.3,501.3,TZS,1,,,,
BGA-0257,GRT-2022-004,PRJ-2023-005,BDL-0124,ACT-0020,FP-2025-05,533.47,533.47,TZS,1,,,,
BGA-0258,GRT-2022-004,PRJ-2023-005,BDL-0124,ACT-0019,FP-2025-06,408.08,408.08,TZS,1,,,,
BGA-0259,GRT-2022-004,PRJ-2023-005,BDL-0124,ACT-0019,FP-2025-07,557.25,557.25,TZS,1,,,,
BGA-0260,GRT-2022-004,PRJ-2023-005,BDL-0124,ACT-0020,FP-2025-08,573.61,573.61,TZS,1,,,,
BGA-0261,GRT-2022-004,PRJ-2023-005,BDL-0124,ACT-0019,FP-2025-09,567.06,567.06,TZS,1,,,,
BGA-0262,GRT-2022-004,PRJ-2023-005,BDL-0124,ACT-0018,FP-2025-10,267.19,267.19,TZS,1,,,,
BGA-0263,GRT-2022-004,PRJ-2023-005,BDL-0124,ACT-0020,FP-2025-11,304.51,304.51,TZS,1,,,,
BGA-0264,GRT-2022-004,PRJ-2023-005,BDL-0124,ACT-0018,FP-2025-12,311.81,311.81,TZS,1,,,,
BGA-0265,GRT-2022-004,PRJ-2023-005,BDL-0122,ACT-0019,FP-2025-01,833.26,833.26,TZS,1,,,,
BGA-0266,GRT-2022-004,PRJ-2023-005,BDL-0122,ACT-0019,FP-2025-02,787.86,787.86,TZS,1,,,,
BGA-0267,GRT-2022-004,PRJ-2023-005,BDL-0122,ACT-0020,FP-2025-03,769.28,769.28,TZS,1,,,,
BGA-0268,GRT-2022-004,PRJ-2023-005,BDL-0122,ACT-0019,FP-2025-04,1054.06,1054.06,TZS,1,,,,
BGA-0269,GRT-2022-004,PRJ-2023-005,BDL-0122,ACT-0018,FP-2025-05,1239.17,1239.17,TZS,1,,,,
BGA-0270,GRT-2022-004,PRJ-2023-005,BDL-0122,ACT-0020,FP-2025-06,1004.41,1004.41,TZS,1,,,,
BGA-0271,GRT-2022-004,PRJ-2023-005,BDL-0122,ACT-0019,FP-2025-07,1090.36,1090.36,TZS,1,,,,
BGA-0272,GRT-2022-004,PRJ-2023-005,BDL-0122,ACT-0019,FP-2025-08,1066.2,1078.12,TZS,2,VIR-2025-049,STF-002,2025-01-27,Quarterly reallocation
BGA-0273,GRT-2022-004,PRJ-2023-005,BDL-0122,ACT-0019,FP-2025-09,1079.34,1079.34,TZS,1,,,,
BGA-0274,GRT-2022-004,PRJ-2023-005,BDL-0122,ACT-0018,FP-2025-10,808.86,808.86,TZS,1,,,,
BGA-0275,GRT-2022-004,PRJ-2023-005,BDL-0122,ACT-0018,FP-2025-11,640.98,640.98,TZS,1,,,,
BGA-0276,GRT-2022-004,PRJ-2023-005,BDL-0122,ACT-0019,FP-2025-12,821.5,821.5,TZS,1,,,,
BGA-0277,GRT-2022-004,PRJ-2023-005,BDL-0136,ACT-0018,FP-2025-01,288.46,288.46,TZS,1,,,,
BGA-0278,GRT-2022-004,PRJ-2023-005,BDL-0136,ACT-0018,FP-2025-02,390.59,390.59,TZS,1,,,,
BGA-0279,GRT-2022-004,PRJ-2023-005,BDL-0136,ACT-0019,FP-2025-03,368.68,368.68,TZS,1,,,,
BGA-0280,GRT-2022-004,PRJ-2023-005,BDL-0136,ACT-0019,FP-2025-04,435.38,435.38,TZS,1,,,,
BGA-0281,GRT-2022-004,PRJ-2023-005,BDL-0136,ACT-0019,FP-2025-05,500.33,484.82,TZS,2,VIR-2025-020,STF-002,2025-07-20,Quarterly reallocation
BGA-0282,GRT-2022-004,PRJ-2023-005,BDL-0136,ACT-0018,FP-2025-06,416.8,416.8,TZS,1,,,,
BGA-0283,GRT-2022-004,PRJ-2023-005,BDL-0136,ACT-0020,FP-2025-07,624.04,624.04,TZS,1,,,,
BGA-0284,GRT-2022-004,PRJ-2023-005,BDL-0136,ACT-0019,FP-2025-08,503.55,503.55,TZS,1,,,,
BGA-0285,GRT-2022-004,PRJ-2023-005,BDL-0136,ACT-0020,FP-2025-09,460.26,460.26,TZS,1,,,,
BGA-0286,GRT-2022-004,PRJ-2023-005,BDL-0136,ACT-0019,FP-2025-10,341.15,341.15,TZS,1,,,,
BGA-0287,GRT-2022-004,PRJ-2023-005,BDL-0136,ACT-0020,FP-2025-11,334.67,334.67,TZS,1,,,,
BGA-0288,GRT-2022-004,PRJ-2023-005,BDL-0136,ACT-0019,FP-2025-12,426.34,426.34,TZS,1,,,,
BGA-0289,GRT-2022-004,PRJ-2023-005,BDL-0123,ACT-0019,FP-2025-01,656.51,656.51,TZS,1,,,,
BGA-0290,GRT-2022-004,PRJ-2023-005,BDL-0123,ACT-0019,FP-2025-02,583.62,583.62,TZS,1,,,,
BGA-0291,GRT-2022-004,PRJ-2023-005,BDL-0123,ACT-0019,FP-2025-03,577.89,577.89,TZS,1,,,,
BGA-0292,GRT-2022-004,PRJ-2023-005,BDL-0123,ACT-0019,FP-2025-04,1047.83,1047.83,TZS,1,,,,
BGA-0293,GRT-2022-004,PRJ-2023-005,BDL-0123,ACT-0019,FP-2025-05,838.91,838.91,TZS,1,,,,
BGA-0294,GRT-2022-004,PRJ-2023-005,BDL-0123,ACT-0018,FP-2025-06,835.02,835.02,TZS,1,,,,
BGA-0295,GRT-2022-004,PRJ-2023-005,BDL-0123,ACT-0020,FP-2025-07,1045.98,1045.98,TZS,1,,,,
BGA-0296,GRT-2022-004,PRJ-2023-005,BDL-0123,ACT-0020,FP-2025-08,1116.76,1133.96,TZS,2,VIR-2025-046,STF-001,2025-04-23,Quarterly reallocation
BGA-0297,GRT-2022-004,PRJ-2023-005,BDL-0123,ACT-0018,FP-2025-09,1128.89,1128.89,TZS,1,,,,
BGA-0298,GRT-2022-004,PRJ-2023-005,BDL-0123,ACT-0019,FP-2025-10,710.92,710.92,TZS,1,,,,
BGA-0299,GRT-2022-004,PRJ-2023-005,BDL-0123,ACT-0019,FP-2025-11,674.11,674.11,TZS,1,,,,
BGA-0300,GRT-2022-004,PRJ-2023-005,BDL-0123,ACT-0020,FP-2025-12,565.42,565.42,TZS,1,,,,
BGA-0301,GRT-2023-003,PRJ-2023-006,BDL-0074,ACT-0025,FP-2025-01,1446.25,1446.25,GBP,1,,,,
BGA-0302,GRT-2023-003,PRJ-2023-006,BDL-0074,ACT-0024,FP-2025-02,1705.4,1705.4,GBP,1,,,,
BGA-0303,GRT-2023-003,PRJ-2023-006,BDL-0074,ACT-0023,FP-2025-03,1483.82,1483.82,GBP,1,,,,
BGA-0304,GRT-2023-003,PRJ-2023-006,BDL-0074,ACT-0025,FP-2025-04,2206.37,2206.37,GBP,1,,,,
BGA-0305,GRT-2023-003,PRJ-2023-006,BDL-0074,ACT-0022,FP-2025-05,2154.55,2293.3,GBP,2,VIR-2025-023,STF-001,2025-06-15,Quarterly reallocation
BGA-0306,GRT-2023-003,PRJ-2023-006,BDL-0074,ACT-0024,FP-2025-06,2133.72,2133.72,GBP,1,,,,
BGA-0307,GRT-2023-003,PRJ-2023-006,BDL-0074,ACT-0024,FP-2025-07,2769.07,2769.07,GBP,1,,,,
BGA-0308,GRT-2023-003,PRJ-2023-006,BDL-0074,ACT-0022,FP-2025-08,1965.58,2019.97,GBP,2,VIR-2025-034,STF-003,2025-05-29,Quarterly reallocation
BGA-0309,GRT-2023-003,PRJ-2023-006,BDL-0074,ACT-0023,FP-2025-09,2508.53,2508.53,GBP,1,,,,
BGA-0310,GRT-2023-003,PRJ-2023-006,BDL-0074,ACT-0025,FP-2025-10,1394.85,1394.85,GBP,1,,,,
BGA-0311,GRT-2023-003,PRJ-2023-006,BDL-0074,ACT-0021,FP-2025-11,1569.45,1569.45,GBP,1,,,,
BGA-0312,GRT-2023-003,PRJ-2023-006,BDL-0074,ACT-0021,FP-2025-12,1448.31,1448.31,GBP,1,,,,
BGA-0313,GRT-2023-003,PRJ-2023-006,BDL-0073,ACT-0022,FP-2025-01,717.89,717.89,GBP,1,,,,
BGA-0314,GRT-2023-003,PRJ-2023-006,BDL-0073,ACT-0022,FP-2025-02,796.69,796.69,GBP,1,,,,
BGA-0315,GRT-2023-003,PRJ-2023-006,BDL-0073,ACT-0021,FP-2025-03,855.31,855.31,GBP,1,,,,
BGA-0316,GRT-2023-003,PRJ-2023-006,BDL-0073,ACT-0023,FP-2025-04,1158.04,1158.04,GBP,1,,,,
BGA-0317,GRT-2023-003,PRJ-2023-006,BDL-0073,ACT-0021,FP-2025-05,981.83,889.19,GBP,2,VIR-2025-022,STF-003,2025-01-28,Quarterly reallocation
BGA-0318,GRT-2023-003,PRJ-2023-006,BDL-0073,ACT-0022,FP-2025-06,1271.54,1271.54,GBP,1,,,,
BGA-0319,GRT-2023-003,PRJ-2023-006,BDL-0073,ACT-0023,FP-2025-07,1365.72,1365.72,GBP,1,,,,
BGA-0320,GRT-2023-003,PRJ-2023-006,BDL-0073,ACT-0022,FP-2025-08,1389.52,1389.52,GBP,1,,,,
BGA-0321,GRT-2023-003,PRJ-2023-006,BDL-0073,ACT-0022,FP-2025-09,1518.66,1518.66,GBP,1,,,,
BGA-0322,GRT-2023-003,PRJ-2023-006,BDL-0073,ACT-0021,FP-2025-10,895.81,895.81,GBP,1,,,,
BGA-0323,GRT-2023-003,PRJ-2023-006,BDL-0073,ACT-0024,FP-2025-11,928.68,928.68,GBP,1,,,,
BGA-0324,GRT-2023-003,PRJ-2023-006,BDL-0073,ACT-0022,FP-2025-12,879.43,879.43,GBP,1,,,,
BGA-0325,GRT-2023-003,PRJ-2023-006,BDL-0063,ACT-0021,FP-2025-01,340.68,340.68,GBP,1,,,,
BGA-0326,GRT-2023-003,PRJ-2023-006,BDL-0063,ACT-0025,FP-2025-02,398.06,398.06,GBP,1,,,,
BGA-0327,GRT-2023-003,PRJ-2023-006,BDL-0063,ACT-0024,FP-2025-03,337.77,337.77,GBP,1,,,,
BGA-0328,GRT-2023-003,PRJ-2023-006,BDL-0063,ACT-0024,FP-2025-04,457.09,457.09,GBP,1,,,,
BGA-0329,GRT-2023-003,PRJ-2023-006,BDL-0063,ACT-0025,FP-2025-05,546.56,546.56,GBP,1,,,,
BGA-0330,GRT-2023-003,PRJ-2023-006,BDL-0063,ACT-0021,FP-2025-06,516.49,516.49,GBP,1,,,,
BGA-0331,GRT-2023-003,PRJ-2023-006,BDL-0063,ACT-0025,FP-2025-07,580.21,580.21,GBP,1,,,,
BGA-0332,GRT-2023-003,PRJ-2023-006,BDL-0063,ACT-0023,FP-2025-08,536.86,536.86,GBP,1,,,,
BGA-0333,GRT-2023-003,PRJ-2023-006,BDL-0063,ACT-0022,FP-2025-09,721.25,721.25,GBP,1,,,,
BGA-0334,GRT-2023-003,PRJ-2023-006,BDL-0063,ACT-0021,FP-2025-10,357.26,357.26,GBP,1,,,,
BGA-0335,GRT-2023-003,PRJ-2023-006,BDL-0063,ACT-0025,FP-2025-11,337.16,337.16,GBP,1,,,,
BGA-0336,GRT-2023-003,PRJ-2023-006,BDL-0063,ACT-0025,FP-2025-12,368.89,368.89,GBP,1,,,,
BGA-0337,GRT-2023-003,PRJ-2023-006,BDL-0075,ACT-0025,FP-2025-01,736.16,736.16,GBP,1,,,,
BGA-0338,GRT-2023-003,PRJ-2023-006,BDL-0075,ACT-0022,FP-2025-02,831.81,831.81,GBP,1,,,,
BGA-0339,GRT-2023-003,PRJ-2023-006,BDL-0075,ACT-0022,FP-2025-03,789.03,789.03,GBP,1,,,,
BGA-0340,GRT-2023-003,PRJ-2023-006,BDL-0075,ACT-0025,FP-2025-04,945.61,945.61,GBP,1,,,,
BGA-0341,GRT-2023-003,PRJ-2023-006,BDL-0075,ACT-0021,FP-2025-05,887.9,887.9,GBP,1,,,,
BGA-0342,GRT-2023-003,PRJ-2023-006,BDL-0075,ACT-0024,FP-2025-06,1074.24,1074.24,GBP,1,,,,
BGA-0343,GRT-2023-003,PRJ-2023-006,BDL-0075,ACT-0024,FP-2025-07,1464.5,1464.5,GBP,1,,,,
BGA-0344,GRT-2023-003,PRJ-2023-006,BDL-0075,ACT-0024,FP-2025-08,1190.41,1190.41,GBP,1,,,,
BGA-0345,GRT-2023-003,PRJ-2023-006,BDL-0075,ACT-0021,FP-2025-09,1229.73,1351.44,GBP,2,VIR-2025-015,STF-002,2025-01-09,Quarterly reallocation
BGA-0346,GRT-2023-003,PRJ-2023-006,BDL-0075,ACT-0022,FP-2025-10,702.54,702.54,GBP,1,,,,
BGA-0347,GRT-2023-003,PRJ-2023-006,BDL-0075,ACT-0024,FP-2025-11,858.77,858.77,GBP,1,,,,
BGA-0348,GRT-2023-003,PRJ-2023-006,BDL-0075,ACT-0021,FP-2025-12,787.43,787.43,GBP,1,,,,
BGA-0349,GRT-2023-003,PRJ-2023-006,BDL-0080,ACT-0023,FP-2025-01,499.53,499.53,GBP,1,,,,
BGA-0350,GRT-2023-003,PRJ-2023-006,BDL-0080,ACT-0024,FP-2025-02,559.92,559.92,GBP,1,,,,
BGA-0351,GRT-2023-003,PRJ-2023-006,BDL-0080,ACT-0021,FP-2025-03,560.87,560.87,GBP,1,,,,
BGA-0352,GRT-2023-003,PRJ-2023-006,BDL-0080,ACT-0022,FP-2025-04,843.69,843.69,GBP,1,,,,
BGA-0353,GRT-2023-003,PRJ-2023-006,BDL-0080,ACT-0024,FP-2025-05,708.54,708.54,GBP,1,,,,
BGA-0354,GRT-2023-003,PRJ-2023-006,BDL-0080,ACT-0021,FP-2025-06,697.78,697.78,GBP,1,,,,
BGA-0355,GRT-2023-003,PRJ-2023-006,BDL-0080,ACT-0022,FP-2025-07,859.58,859.58,GBP,1,,,,
BGA-0356,GRT-2023-003,PRJ-2023-006,BDL-0080,ACT-0023,FP-2025-08,778.81,778.81,GBP,1,,,,
BGA-0357,GRT-2023-003,PRJ-2023-006,BDL-0080,ACT-0024,FP-2025-09,1008.29,1008.29,GBP,1,,,,
BGA-0358,GRT-2023-003,PRJ-2023-006,BDL-0080,ACT-0022,FP-2025-10,477.09,477.09,GBP,1,,,,
BGA-0359,GRT-2023-003,PRJ-2023-006,BDL-0080,ACT-0025,FP-2025-11,619.72,619.72,GBP,1,,,,
BGA-0360,GRT-2023-003,PRJ-2023-006,BDL-0080,ACT-0025,FP-2025-12,517.8,517.8,GBP,1,,,,
BGA-0361,GRT-2021-001,PRJ-2023-007,BDL-0195,ACT-0026,FP-2025-01,955.14,955.14,GBP,1,,,,
BGA-0362,GRT-2021-001,PRJ-2023-007,BDL-0195,ACT-0029,FP-2025-02,690.89,690.89,GBP,1,,,,
BGA-0363,GRT-2021-001,PRJ-2023-007,BDL-0195,ACT-0027,FP-2025-03,944.26,944.26,GBP,1,,,,
BGA-0364,GRT-2021-001,PRJ-2023-007,BDL-0195,ACT-0027,FP-2025-04,1223.53,1223.53,GBP,1,,,,
BGA-0365,GRT-2021-001,PRJ-2023-007,BDL-0195,ACT-0029,FP-2025-05,1228.04,1228.04,GBP,1,,,,
BGA-0366,GRT-2021-001,PRJ-2023-007,BDL-0195,ACT-0028,FP-2025-06,1127.53,1127.53,GBP,1,,,,
BGA-0367,GRT-2021-001,PRJ-2023-007,BDL-0195,ACT-0026,FP-2025-07,1360.22,1360.22,GBP,1,,,,
BGA-0368,GRT-2021-001,PRJ-2023-007,BDL-0195,ACT-0026,FP-2025-08,1363.23,1363.23,GBP,1,,,,
BGA-0369,GRT-2021-001,PRJ-2023-007,BDL-0195,ACT-0028,FP-2025-09,1243.77,1243.77,GBP,1,,,,
BGA-0370,GRT-2021-001,PRJ-2023-007,BDL-0195,ACT-0030,FP-2025-10,794.13,794.13,GBP,1,,,,
BGA-0371,GRT-2021-001,PRJ-2023-007,BDL-0195,ACT-0026,FP-2025-11,647.83,647.83,GBP,1,,,,
BGA-0372,GRT-2021-001,PRJ-2023-007,BDL-0195,ACT-0028,FP-2025-12,883.5,883.5,GBP,1,,,,
BGA-0373,GRT-2021-001,PRJ-2023-007,BDL-0200,ACT-0029,FP-2025-01,767.6,767.6,GBP,1,,,,
BGA-0374,GRT-2021-001,PRJ-2023-007,BDL-0200,ACT-0027,FP-2025-02,597.31,597.31,GBP,1,,,,
BGA-0375,GRT-2021-001,PRJ-2023-007,BDL-0200,ACT-0028,FP-2025-03,671.88,671.88,GBP,1,,,,
BGA-0376,GRT-2021-001,PRJ-2023-007,BDL-0200,ACT-0030,FP-2025-04,881.46,881.46,GBP,1,,,,
BGA-0377,GRT-2021-001,PRJ-2023-007,BDL-0200,ACT-0026,FP-2025-05,1075.51,1075.51,GBP,1,,,,
BGA-0378,GRT-2021-001,PRJ-2023-007,BDL-0200,ACT-0029,FP-2025-06,771.43,771.43,GBP,1,,,,
BGA-0379,GRT-2021-001,PRJ-2023-007,BDL-0200,ACT-0027,FP-2025-07,868.85,868.85,GBP,1,,,,
BGA-0380,GRT-2021-001,PRJ-2023-007,BDL-0200,ACT-0029,FP-2025-08,1051.99,1000.0,GBP,2,VIR-2025-045,STF-001,2025-08-14,Quarterly reallocation
BGA-0381,GRT-2021-001,PRJ-2023-007,BDL-0200,ACT-0028,FP-2025-09,1141.93,1141.93,GBP,1,,,,
BGA-0382,GRT-2021-001,PRJ-2023-007,BDL-0200,ACT-0026,FP-2025-10,563.79,563.79,GBP,1,,,,
BGA-0383,GRT-2021-001,PRJ-2023-007,BDL-0200,ACT-0027,FP-2025-11,638.79,638.79,GBP,1,,,,
BGA-0384,GRT-2021-001,PRJ-2023-007,BDL-0200,ACT-0027,FP-2025-12,552.59,552.59,GBP,1,,,,
BGA-0385,GRT-2021-001,PRJ-2023-007,BDL-0199,ACT-0026,FP-2025-01,1573.63,1416.69,GBP,2,VIR-2025-031,STF-001,2025-02-03,Quarterly reallocation
BGA-0386,GRT-2021-001,PRJ-2023-007,BDL-0199,ACT-0029,FP-2025-02,1680.16,1680.16,GBP,1,,,,
BGA-0387,GRT-2021-001,PRJ-2023-007,BDL-0199,ACT-0026,FP-2025-03,1301.59,1301.59,GBP,1,,,,
BGA-0388,GRT-2021-001,PRJ-2023-007,BDL-0199,ACT-0027,FP-2025-04,2709.97,2709.97,GBP,1,,,,
BGA-0389,GRT-2021-001,PRJ-2023-007,BDL-0199,ACT-0026,FP-2025-05,2247.04,2247.04,GBP,1,,,,
BGA-0390,GRT-2021-001,PRJ-2023-007,BDL-0199,ACT-0028,FP-2025-06,2476.54,2476.54,GBP,1,,,,
BGA-0391,GRT-2021-001,PRJ-2023-007,BDL-0199,ACT-0029,FP-2025-07,2453.89,2453.89,GBP,1,,,,
BGA-0392,GRT-2021-001,PRJ-2023-007,BDL-0199,ACT-0027,FP-2025-08,2874.59,2874.59,GBP,1,,,,
BGA-0393,GRT-2021-001,PRJ-2023-007,BDL-0199,ACT-0026,FP-2025-09,2737.89,2737.89,GBP,1,,,,
BGA-0394,GRT-2021-001,PRJ-2023-007,BDL-0199,ACT-0027,FP-2025-10,1639.24,1655.67,GBP,2,VIR-2025-047,STF-001,2025-06-10,Quarterly reallocation
BGA-0395,GRT-2021-001,PRJ-2023-007,BDL-0199,ACT-0030,FP-2025-11,1780.3,1780.3,GBP,1,,,,
BGA-0396,GRT-2021-001,PRJ-2023-007,BDL-0199,ACT-0026,FP-2025-12,1740.33,1740.33,GBP,1,,,,
BGA-0397,GRT-2021-001,PRJ-2023-007,BDL-0207,ACT-0026,FP-2025-01,841.07,841.07,GBP,1,,,,
BGA-0398,GRT-2021-001,PRJ-2023-007,BDL-0207,ACT-0029,FP-2025-02,751.92,751.92,GBP,1,,,,
BGA-0399,GRT-2021-001,PRJ-2023-007,BDL-0207,ACT-0028,FP-2025-03,672.05,672.05,GBP,1,,,,
BGA-0400,GRT-2021-001,PRJ-2023-007,BDL-0207,ACT-0030,FP-2025-04,1075.07,1075.07,GBP,1,,,,
BGA-0401,GRT-2021-001,PRJ-2023-007,BDL-0207,ACT-0026,FP-2025-05,1056.93,1056.93,GBP,1,,,,
BGA-0402,GRT-2021-001,PRJ-2023-007,BDL-0207,ACT-0028,FP-2025-06,1157.7,1157.7,GBP,1,,,,
BGA-0403,GRT-2021-001,PRJ-2023-007,BDL-0207,ACT-0027,FP-2025-07,1024.61,1024.61,GBP,1,,,,
BGA-0404,GRT-2021-001,PRJ-2023-007,BDL-0207,ACT-0026,FP-2025-08,1276.6,1276.6,GBP,1,,,,
BGA-0405,GRT-2021-001,PRJ-2023-007,BDL-0207,ACT-0027,FP-2025-09,1293.31,1293.31,GBP,1,,,,
BGA-0406,GRT-2021-001,PRJ-2023-007,BDL-0207,ACT-0029,FP-2025-10,724.43,724.43,GBP,1,,,,
BGA-0407,GRT-2021-001,PRJ-2023-007,BDL-0207,ACT-0026,FP-2025-11,766.01,878.4,GBP,2,VIR-2025-021,STF-001,2025-04-10,Quarterly reallocation
BGA-0408,GRT-2021-001,PRJ-2023-007,BDL-0207,ACT-0028,FP-2025-12,830.68,830.68,GBP,1,,,,
BGA-0409,GRT-2021-001,PRJ-2023-007,BDL-0198,ACT-0029,FP-2025-01,737.42,737.42,GBP,1,,,,
BGA-0410,GRT-2021-001,PRJ-2023-007,BDL-0198,ACT-0026,FP-2025-02,855.61,855.61,GBP,1,,,,
BGA-0411,GRT-2021-001,PRJ-2023-007,BDL-0198,ACT-0027,FP-2025-03,749.3,681.83,GBP,2,VIR-2025-004,STF-002,2025-05-10,Quarterly reallocation
BGA-0412,GRT-2021-001,PRJ-2023-007,BDL-0198,ACT-0029,FP-2025-04,927.03,927.03,GBP,1,,,,
BGA-0413,GRT-2021-001,PRJ-2023-007,BDL-0198,ACT-0030,FP-2025-05,982.61,982.61,GBP,1,,,,
BGA-0414,GRT-2021-001,PRJ-2023-007,BDL-0198,ACT-0026,FP-2025-06,1028.86,1028.86,GBP,1,,,,
BGA-0415,GRT-2021-001,PRJ-2023-007,BDL-0198,ACT-0027,FP-2025-07,1070.31,1070.31,GBP,1,,,,
BGA-0416,GRT-2021-001,PRJ-2023-007,BDL-0198,ACT-0028,FP-2025-08,1378.17,1378.17,GBP,1,,,,
BGA-0417,GRT-2021-001,PRJ-2023-007,BDL-0198,ACT-0026,FP-2025-09,1107.77,1107.77,GBP,1,,,,
BGA-0418,GRT-2021-001,PRJ-2023-007,BDL-0198,ACT-0027,FP-2025-10,669.02,669.02,GBP,1,,,,
BGA-0419,GRT-2021-001,PRJ-2023-007,BDL-0198,ACT-0029,FP-2025-11,595.97,553.65,GBP,2,VIR-2025-040,STF-003,2025-01-15,Quarterly reallocation
BGA-0420,GRT-2021-001,PRJ-2023-007,BDL-0198,ACT-0027,FP-2025-12,668.77,668.77,GBP,1,,,,
BGA-0421,GRT-2023-004,PRJ-2023-008,BDL-0103,ACT-0033,FP-2025-01,1792.18,1792.18,EUR,1,,,,
BGA-0422,GRT-2023-004,PRJ-2023-008,BDL-0103,ACT-0033,FP-2025-02,1555.66,1555.66,EUR,1,,,,
BGA-0423,GRT-2023-004,PRJ-2023-008,BDL-0103,ACT-0031,FP-2025-03,1961.98,1961.98,EUR,1,,,,
BGA-0424,GRT-2023-004,PRJ-2023-008,BDL-0103,ACT-0031,FP-2025-04,2346.83,2346.83,EUR,1,,,,
BGA-0425,GRT-2023-004,PRJ-2023-008,BDL-0103,ACT-0031,FP-2025-05,2274.4,2274.4,EUR,1,,,,
BGA-0426,GRT-2023-004,PRJ-2023-008,BDL-0103,ACT-0031,FP-2025-06,2508.78,2508.78,EUR,1,,,,
BGA-0427,GRT-2023-004,PRJ-2023-008,BDL-0103,ACT-0033,FP-2025-07,2871.16,2871.16,EUR,1,,,,
BGA-0428,GRT-2023-004,PRJ-2023-008,BDL-0103,ACT-0031,FP-2025-08,2477.98,2477.98,EUR,1,,,,
BGA-0429,GRT-2023-004,PRJ-2023-008,BDL-0103,ACT-0031,FP-2025-09,2559.64,2559.64,EUR,1,,,,
BGA-0430,GRT-2023-004,PRJ-2023-008,BDL-0103,ACT-0031,FP-2025-10,2052.26,2089.08,EUR,2,VIR-2025-025,STF-001,2025-02-15,Quarterly reallocation
BGA-0431,GRT-2023-004,PRJ-2023-008,BDL-0103,ACT-0034,FP-2025-11,2104.28,2104.28,EUR,1,,,,
BGA-0432,GRT-2023-004,PRJ-2023-008,BDL-0103,ACT-0033,FP-2025-12,1596.98,1596.98,EUR,1,,,,
BGA-0433,GRT-2023-004,PRJ-2023-008,BDL-0100,ACT-0033,FP-2025-01,3141.98,2921.57,EUR,2,VIR-2025-044,STF-001,2025-02-15,Quarterly reallocation
BGA-0434,GRT-2023-004,PRJ-2023-008,BDL-0100,ACT-0031,FP-2025-02,3075.48,3075.48,EUR,1,,,,
BGA-0435,GRT-2023-004,PRJ-2023-008,BDL-0100,ACT-0034,FP-2025-03,4086.57,4562.69,EUR,2,VIR-2025-050,STF-002,2025-03-25,Quarterly reallocation
BGA-0436,GRT-2023-004,PRJ-2023-008,BDL-0100,ACT-0033,FP-2025-04,4040.73,4040.73,EUR,1,,,,
BGA-0437,GRT-2023-004,PRJ-2023-008,BDL-0100,ACT-0033,FP-2025-05,4262.07,4262.07,EUR,1,,,,
BGA-0438,GRT-2023-004,PRJ-2023-008,BDL-0100,ACT-0033,FP-2025-06,5305.77,5305.77,EUR,1,,,,
BGA-0439,GRT-2023-004,PRJ-2023-008,BDL-0100,ACT-0032,FP-2025-07,5736.41,5736.41,EUR,1,,,,
BGA-0440,GRT-2023-004,PRJ-2023-008,BDL-0100,ACT-0032,FP-2025-08,6047.99,6047.99,EUR,1,,,,
BGA-0441,GRT-2023-004,PRJ-2023-008,BDL-0100,ACT-0031,FP-2025-09,4760.03,4760.03,EUR,1,,,,
BGA-0442,GRT-2023-004,PRJ-2023-008,BDL-0100,ACT-0031,FP-2025-10,3089.05,3089.05,EUR,1,,,,
BGA-0443,GRT-2023-004,PRJ-2023-008,BDL-0100,ACT-0034,FP-2025-11,4082.3,4540.54,EUR,2,VIR-2025-047,STF-002,2025-01-27,Quarterly reallocation
BGA-0444,GRT-2023-004,PRJ-2023-008,BDL-0100,ACT-0034,FP-2025-12,3050.59,3050.59,EUR,1,,,,
BGA-0445,GRT-2023-004,PRJ-2023-008,BDL-0104,ACT-0032,FP-2025-01,584.73,630.29,EUR,2,VIR-2025-006,STF-001,2025-08-24,Quarterly reallocation
BGA-0446,GRT-2023-004,PRJ-2023-008,BDL-0104,ACT-0034,FP-2025-02,523.59,523.59,EUR,1,,,,
BGA-0447,GRT-2023-004,PRJ-2023-008,BDL-0104,ACT-0031,FP-2025-03,633.73,633.73,EUR,1,,,,
BGA-0448,GRT-2023-004,PRJ-2023-008,BDL-0104,ACT-0034,FP-2025-04,847.77,847.77,EUR,1,,,,
BGA-0449,GRT-2023-004,PRJ-2023-008,BDL-0104,ACT-0034,FP-2025-05,681.57,681.57,EUR,1,,,,
BGA-0450,GRT-2023-004,PRJ-2023-008,BDL-0104,ACT-0033,FP-2025-06,874.6,874.6,EUR,1,,,,
BGA-0451,GRT-2023-004,PRJ-2023-008,BDL-0104,ACT-0034,FP-2025-07,848.83,848.83,EUR,1,,,,
BGA-0452,GRT-2023-004,PRJ-2023-008,BDL-0104,ACT-0033,FP-2025-08,1013.92,1013.92,EUR,1,,,,
BGA-0453,GRT-2023-004,PRJ-2023-008,BDL-0104,ACT-0032,FP-2025-09,920.82,920.82,EUR,1,,,,
BGA-0454,GRT-2023-004,PRJ-2023-008,BDL-0104,ACT-0031,FP-2025-10,501.22,501.22,EUR,1,,,,
BGA-0455,GRT-2023-004,PRJ-2023-008,BDL-0104,ACT-0034,FP-2025-11,505.75,505.75,EUR,1,,,,
BGA-0456,GRT-2023-004,PRJ-2023-008,BDL-0104,ACT-0033,FP-2025-12,542.96,542.96,EUR,1,,,,
BGA-0457,GRT-2023-004,PRJ-2023-008,BDL-0117,ACT-0033,FP-2025-01,6683.88,6683.88,EUR,1,,,,
BGA-0458,GRT-2023-004,PRJ-2023-008,BDL-0117,ACT-0031,FP-2025-02,5553.7,5553.7,EUR,1,,,,
BGA-0459,GRT-2023-004,PRJ-2023-008,BDL-0117,ACT-0031,FP-2025-03,4864.42,4864.42,EUR,1,,,,
BGA-0460,GRT-2023-004,PRJ-2023-008,BDL-0117,ACT-0032,FP-2025-04,6991.38,6991.38,EUR,1,,,,
BGA-0461,GRT-2023-004,PRJ-2023-008,BDL-0117,ACT-0033,FP-2025-05,6600.6,6600.6,EUR,1,,,,
BGA-0462,GRT-2023-004,PRJ-2023-008,BDL-0117,ACT-0033,FP-2025-06,7563.39,7298.99,EUR,2,VIR-2025-012,STF-001,2025-09-01,Quarterly reallocation
BGA-0463,GRT-2023-004,PRJ-2023-008,BDL-0117,ACT-0032,FP-2025-07,8673.26,8673.26,EUR,1,,,,
BGA-0464,GRT-2023-004,PRJ-2023-008,BDL-0117,ACT-0032,FP-2025-08,7556.21,7556.21,EUR,1,,,,
BGA-0465,GRT-2023-004,PRJ-2023-008,BDL-0117,ACT-0032,FP-2025-09,7652.63,7137.45,EUR,2,VIR-2025-026,STF-002,2025-06-25,Quarterly reallocation
BGA-0466,GRT-2023-004,PRJ-2023-008,BDL-0117,ACT-0033,FP-2025-10,5930.1,5930.1,EUR,1,,,,
BGA-0467,GRT-2023-004,PRJ-2023-008,BDL-0117,ACT-0031,FP-2025-11,6577.45,6244.88,EUR,2,VIR-2025-042,STF-002,2025-07-27,Quarterly reallocation
BGA-0468,GRT-2023-004,PRJ-2023-008,BDL-0117,ACT-0033,FP-2025-12,4799.44,4799.44,EUR,1,,,,
BGA-0469,GRT-2023-004,PRJ-2023-008,BDL-0102,ACT-0031,FP-2025-01,506.26,506.26,EUR,1,,,,
BGA-0470,GRT-2023-004,PRJ-2023-008,BDL-0102,ACT-0034,FP-2025-02,517.1,517.1,EUR,1,,,,
BGA-0471,GRT-2023-004,PRJ-2023-008,BDL-0102,ACT-0034,FP-2025-03,595.37,595.37,EUR,1,,,,
BGA-0472,GRT-2023-004,PRJ-2023-008,BDL-0102,ACT-0032,FP-2025-04,725.55,725.55,EUR,1,,,,
BGA-0473,GRT-2023-004,PRJ-2023-008,BDL-0102,ACT-0032,FP-2025-05,759.67,759.67,EUR,1,,,,
BGA-0474,GRT-2023-004,PRJ-2023-008,BDL-0102,ACT-0032,FP-2025-06,679.42,679.42,EUR,1,,,,
BGA-0475,GRT-2023-004,PRJ-2023-008,BDL-0102,ACT-0034,FP-2025-07,1010.27,1010.27,EUR,1,,,,
BGA-0476,GRT-2023-004,PRJ-2023-008,BDL-0102,ACT-0032,FP-2025-08,786.52,786.52,EUR,1,,,,
BGA-0477,GRT-2023-004,PRJ-2023-008,BDL-0102,ACT-0032,FP-2025-09,923.24,923.24,EUR,1,,,,
BGA-0478,GRT-2023-004,PRJ-2023-008,BDL-0102,ACT-0031,FP-2025-10,627.48,627.48,EUR,1,,,,
BGA-0479,GRT-2023-004,PRJ-2023-008,BDL-0102,ACT-0033,FP-2025-11,713.02,713.02,EUR,1,,,,
BGA-0480,GRT-2023-004,PRJ-2023-008,BDL-0102,ACT-0033,FP-2025-12,591.45,591.45,EUR,1,,,,
BGA-0481,GRT-2023-004,PRJ-2023-009,BDL-0118,ACT-0035,FP-2025-01,1781.89,1781.89,EUR,1,,,,
BGA-0482,GRT-2023-004,PRJ-2023-009,BDL-0118,ACT-0036,FP-2025-02,1658.86,1658.86,EUR,1,,,,
BGA-0483,GRT-2023-004,PRJ-2023-009,BDL-0118,ACT-0037,FP-2025-03,1682.8,1682.8,EUR,1,,,,
BGA-0484,GRT-2023-004,PRJ-2023-009,BDL-0118,ACT-0035,FP-2025-04,2697.92,2697.92,EUR,1,,,,
BGA-0485,GRT-2023-004,PRJ-2023-009,BDL-0118,ACT-0037,FP-2025-05,3403.51,3403.51,EUR,1,,,,
BGA-0486,GRT-2023-004,PRJ-2023-009,BDL-0118,ACT-0037,FP-2025-06,2564.84,2564.84,EUR,1,,,,
BGA-0487,GRT-2023-004,PRJ-2023-009,BDL-0118,ACT-0035,FP-2025-07,2688.97,2688.97,EUR,1,,,,
BGA-0488,GRT-2023-004,PRJ-2023-009,BDL-0118,ACT-0036,FP-2025-08,3368.8,3368.8,EUR,1,,,,
BGA-0489,GRT-2023-004,PRJ-2023-009,BDL-0118,ACT-0035,FP-2025-09,3079.9,3079.9,EUR,1,,,,
BGA-0490,GRT-2023-004,PRJ-2023-009,BDL-0118,ACT-0037,FP-2025-10,1778.85,1778.85,EUR,1,,,,
BGA-0491,GRT-2023-004,PRJ-2023-009,BDL-0118,ACT-0035,FP-2025-11,2205.18,2205.18,EUR,1,,,,
BGA-0492,GRT-2023-004,PRJ-2023-009,BDL-0118,ACT-0037,FP-2025-12,2209.94,2209.94,EUR,1,,,,
BGA-0493,GRT-2023-004,PRJ-2023-009,BDL-0116,ACT-0035,FP-2025-01,816.71,816.71,EUR,1,,,,
BGA-0494,GRT-2023-004,PRJ-2023-009,BDL-0116,ACT-0036,FP-2025-02,903.71,903.71,EUR,1,,,,
BGA-0495,GRT-2023-004,PRJ-2023-009,BDL-0116,ACT-0035,FP-2025-03,809.87,809.87,EUR,1,,,,
BGA-0496,GRT-2023-004,PRJ-2023-009,BDL-0116,ACT-0035,FP-2025-04,932.27,932.27,EUR,1,,,,
BGA-0497,GRT-2023-004,PRJ-2023-009,BDL-0116,ACT-0036,FP-2025-05,900.91,900.91,EUR,1,,,,
BGA-0498,GRT-2023-004,PRJ-2023-009,BDL-0116,ACT-0035,FP-2025-06,1301.41,1301.41,EUR,1,,,,
BGA-0499,GRT-2023-004,PRJ-2023-009,BDL-0116,ACT-0036,FP-2025-07,1193.14,1193.14,EUR,1,,,,
BGA-0500,GRT-2023-004,PRJ-2023-009,BDL-0116,ACT-0037,FP-2025-08,1049.81,1049.81,EUR,1,,,,
BGA-0501,GRT-2023-004,PRJ-2023-009,BDL-0116,ACT-0037,FP-2025-09,1486.98,1486.98,EUR,1,,,,
BGA-0502,GRT-2023-004,PRJ-2023-009,BDL-0116,ACT-0036,FP-2025-10,911.35,911.35,EUR,1,,,,
BGA-0503,GRT-2023-004,PRJ-2023-009,BDL-0116,ACT-0037,FP-2025-11,861.61,861.61,EUR,1,,,,
BGA-0504,GRT-2023-004,PRJ-2023-009,BDL-0116,ACT-0035,FP-2025-12,669.34,669.34,EUR,1,,,,
BGA-0505,GRT-2023-004,PRJ-2023-009,BDL-0110,ACT-0036,FP-2025-01,1017.07,1017.07,EUR,1,,,,
BGA-0506,GRT-2023-004,PRJ-2023-009,BDL-0110,ACT-0037,FP-2025-02,954.18,954.18,EUR,1,,,,
BGA-0507,GRT-2023-004,PRJ-2023-009,BDL-0110,ACT-0037,FP-2025-03,791.99,791.99,EUR,1,,,,
BGA-0508,GRT-2023-004,PRJ-2023-009,BDL-0110,ACT-0036,FP-2025-04,1288.82,1288.82,EUR,1,,,,
BGA-0509,GRT-2023-004,PRJ-2023-009,BDL-0110,ACT-0035,FP-2025-05,1063.78,1063.78,EUR,1,,,,
BGA-0510,GRT-2023-004,PRJ-2023-009,BDL-0110,ACT-0036,FP-2025-06,1138.02,1138.02,EUR,1,,,,
BGA-0511,GRT-2023-004,PRJ-2023-009,BDL-0110,ACT-0037,FP-2025-07,1163.32,1163.32,EUR,1,,,,
BGA-0512,GRT-2023-004,PRJ-2023-009,BDL-0110,ACT-0037,FP-2025-08,1612.46,1612.46,EUR,1,,,,
BGA-0513,GRT-2023-004,PRJ-2023-009,BDL-0110,ACT-0037,FP-2025-09,1111.38,1111.38,EUR,1,,,,
BGA-0514,GRT-2023-004,PRJ-2023-009,BDL-0110,ACT-0036,FP-2025-10,759.04,759.04,EUR,1,,,,
BGA-0515,GRT-2023-004,PRJ-2023-009,BDL-0110,ACT-0035,FP-2025-11,731.62,731.62,EUR,1,,,,
BGA-0516,GRT-2023-004,PRJ-2023-009,BDL-0110,ACT-0037,FP-2025-12,802.08,802.08,EUR,1,,,,
BGA-0517,GRT-2023-004,PRJ-2023-009,BDL-0112,ACT-0037,FP-2025-01,2233.57,2384.35,EUR,2,VIR-2025-047,STF-002,2025-04-25,Quarterly reallocation
BGA-0518,GRT-2023-004,PRJ-2023-009,BDL-0112,ACT-0037,FP-2025-02,1557.05,1557.05,EUR,1,,,,
BGA-0519,GRT-2023-004,PRJ-2023-009,BDL-0112,ACT-0035,FP-2025-03,1600.71,1600.71,EUR,1,,,,
BGA-0520,GRT-2023-004,PRJ-2023-009,BDL-0112,ACT-0036,FP-2025-04,2948.27,3193.41,EUR,2,VIR-2025-011,STF-002,2025-05-07,Quarterly reallocation
BGA-0521,GRT-2023-004,PRJ-2023-009,BDL-0112,ACT-0036,FP-2025-05,3123.15,3123.15,EUR,1,,,,
BGA-0522,GRT-2023-004,PRJ-2023-009,BDL-0112,ACT-0037,FP-2025-06,2277.44,2277.44,EUR,1,,,,
BGA-0523,GRT-2023-004,PRJ-2023-009,BDL-0112,ACT-0035,FP-2025-07,3283.44,3283.44,EUR,1,,,,
BGA-0524,GRT-2023-004,PRJ-2023-009,BDL-0112,ACT-0035,FP-2025-08,3036.12,3036.12,EUR,1,,,,
BGA-0525,GRT-2023-004,PRJ-2023-009,BDL-0112,ACT-0035,FP-2025-09,2842.43,2842.43,EUR,1,,,,
BGA-0526,GRT-2023-004,PRJ-2023-009,BDL-0112,ACT-0036,FP-2025-10,1605.67,1605.67,EUR,1,,,,
BGA-0527,GRT-2023-004,PRJ-2023-009,BDL-0112,ACT-0035,FP-2025-11,1672.79,1646.84,EUR,2,VIR-2025-040,STF-002,2025-06-30,Quarterly reallocation
BGA-0528,GRT-2023-004,PRJ-2023-009,BDL-0112,ACT-0035,FP-2025-12,1572.22,1572.22,EUR,1,,,,
BGA-0529,GRT-2023-004,PRJ-2023-009,BDL-0104,ACT-0035,FP-2025-01,611.78,611.78,EUR,1,,,,
BGA-0530,GRT-2023-004,PRJ-2023-009,BDL-0104,ACT-0035,FP-2025-02,493.04,493.04,EUR,1,,,,
BGA-0531,GRT-2023-004,PRJ-2023-009,BDL-0104,ACT-0037,FP-2025-03,565.31,565.31,EUR,1,,,,
BGA-0532,GRT-2023-004,PRJ-2023-009,BDL-0104,ACT-0036,FP-2025-04,834.42,834.42,EUR,1,,,,
BGA-0533,GRT-2023-004,PRJ-2023-009,BDL-0104,ACT-0037,FP-2025-05,735.03,762.53,EUR,2,VIR-2025-032,STF-001,2025-01-14,Quarterly reallocation
BGA-0534,GRT-2023-004,PRJ-2023-009,BDL-0104,ACT-0036,FP-2025-06,775.52,775.52,EUR,1,,,,
BGA-0535,GRT-2023-004,PRJ-2023-009,BDL-0104,ACT-0036,FP-2025-07,1060.16,1060.16,EUR,1,,,,
BGA-0536,GRT-2023-004,PRJ-2023-009,BDL-0104,ACT-0035,FP-2025-08,825.81,874.99,EUR,2,VIR-2025-006,STF-002,2025-08-05,Quarterly reallocation
BGA-0537,GRT-2023-004,PRJ-2023-009,BDL-0104,ACT-0036,FP-2025-09,794.21,794.21,EUR,1,,,,
BGA-0538,GRT-2023-004,PRJ-2023-009,BDL-0104,ACT-0035,FP-2025-10,584.04,584.04,EUR,1,,,,
BGA-0539,GRT-2023-004,PRJ-2023-009,BDL-0104,ACT-0036,FP-2025-11,619.89,619.89,EUR,1,,,,
BGA-0540,GRT-2023-004,PRJ-2023-009,BDL-0104,ACT-0036,FP-2025-12,677.05,677.05,EUR,1,,,,
BGA-0541,GRT-2024-001,PRJ-2024-001,BDL-0084,ACT-0038,FP-2025-01,5774.8,5774.8,USD,1,,,,
BGA-0542,GRT-2024-001,PRJ-2024-001,BDL-0084,ACT-0038,FP-2025-02,5579.96,5579.96,USD,1,,,,
BGA-0543,GRT-2024-001,PRJ-2024-001,BDL-0084,ACT-0041,FP-2025-03,5410.25,5410.25,USD,1,,,,
BGA-0544,GRT-2024-001,PRJ-2024-001,BDL-0084,ACT-0038,FP-2025-04,10788.27,10788.27,USD,1,,,,
BGA-0545,GRT-2024-001,PRJ-2024-001,BDL-0084,ACT-0041,FP-2025-05,10316.5,10316.5,USD,1,,,,
BGA-0546,GRT-2024-001,PRJ-2024-001,BDL-0084,ACT-0041,FP-2025-06,10769.83,10769.83,USD,1,,,,
BGA-0547,GRT-2024-001,PRJ-2024-001,BDL-0084,ACT-0040,FP-2025-07,10677.65,10677.65,USD,1,,,,
BGA-0548,GRT-2024-001,PRJ-2024-001,BDL-0084,ACT-0038,FP-2025-08,8628.38,8628.38,USD,1,,,,
BGA-0549,GRT-2024-001,PRJ-2024-001,BDL-0084,ACT-0039,FP-2025-09,10384.59,10384.59,USD,1,,,,
BGA-0550,GRT-2024-001,PRJ-2024-001,BDL-0084,ACT-0039,FP-2025-10,5499.94,5499.94,USD,1,,,,
BGA-0551,GRT-2024-001,PRJ-2024-001,BDL-0084,ACT-0039,FP-2025-11,7649.77,7649.77,USD,1,,,,
BGA-0552,GRT-2024-001,PRJ-2024-001,BDL-0084,ACT-0041,FP-2025-12,7285.05,7285.05,USD,1,,,,
BGA-0553,GRT-2024-001,PRJ-2024-001,BDL-0091,ACT-0039,FP-2025-01,1692.54,1692.54,USD,1,,,,
BGA-0554,GRT-2024-001,PRJ-2024-001,BDL-0091,ACT-0040,FP-2025-02,2440.85,2440.85,USD,1,,,,
BGA-0555,GRT-2024-001,PRJ-2024-001,BDL-0091,ACT-0038,FP-2025-03,1889.11,1889.11,USD,1,,,,
BGA-0556,GRT-2024-001,PRJ-2024-001,BDL-0091,ACT-0040,FP-2025-04,2379.43,2379.43,USD,1,,,,
BGA-0557,GRT-2024-001,PRJ-2024-001,BDL-0091,ACT-0038,FP-2025-05,3256.85,3256.85,USD,1,,,,
BGA-0558,GRT-2024-001,PRJ-2024-001,BDL-0091,ACT-0041,FP-2025-06,3176.95,3176.95,USD,1,,,,
BGA-0559,GRT-2024-001,PRJ-2024-001,BDL-0091,ACT-0038,FP-2025-07,2752.56,2752.56,USD,1,,,,
BGA-0560,GRT-2024-001,PRJ-2024-001,BDL-0091,ACT-0038,FP-2025-08,3811.11,3811.11,USD,1,,,,
BGA-0561,GRT-2024-001,PRJ-2024-001,BDL-0091,ACT-0040,FP-2025-09,3629.76,3629.76,USD,1,,,,
BGA-0562,GRT-2024-001,PRJ-2024-001,BDL-0091,ACT-0041,FP-2025-10,2343.64,2343.64,USD,1,,,,
BGA-0563,GRT-2024-001,PRJ-2024-001,BDL-0091,ACT-0039,FP-2025-11,2094.55,2094.55,USD,1,,,,
BGA-0564,GRT-2024-001,PRJ-2024-001,BDL-0091,ACT-0041,FP-2025-12,1853.0,1853.0,USD,1,,,,
BGA-0565,GRT-2024-001,PRJ-2024-001,BDL-0090,ACT-0040,FP-2025-01,3804.02,3804.02,USD,1,,,,
BGA-0566,GRT-2024-001,PRJ-2024-001,BDL-0090,ACT-0041,FP-2025-02,5020.03,5673.68,USD,2,VIR-2025-024,STF-001,2025-03-28,Quarterly reallocation
BGA-0567,GRT-2024-001,PRJ-2024-001,BDL-0090,ACT-0040,FP-2025-03,5256.75,5256.75,USD,1,,,,
BGA-0568,GRT-2024-001,PRJ-2024-001,BDL-0090,ACT-0038,FP-2025-04,7425.96,7425.96,USD,1,,,,
BGA-0569,GRT-2024-001,PRJ-2024-001,BDL-0090,ACT-0040,FP-2025-05,7764.63,7764.63,USD,1,,,,
BGA-0570,GRT-2024-001,PRJ-2024-001,BDL-0090,ACT-0040,FP-2025-06,7769.13,7769.13,USD,1,,,,
BGA-0571,GRT-2024-001,PRJ-2024-001,BDL-0090,ACT-0038,FP-2025-07,6774.95,6774.95,USD,1,,,,
BGA-0572,GRT-2024-001,PRJ-2024-001,BDL-0090,ACT-0041,FP-2025-08,6531.7,6531.7,USD,1,,,,
BGA-0573,GRT-2024-001,PRJ-2024-001,BDL-0090,ACT-0040,FP-2025-09,8182.61,8182.61,USD,1,,,,
BGA-0574,GRT-2024-001,PRJ-2024-001,BDL-0090,ACT-0039,FP-2025-10,5263.53,5263.53,USD,1,,,,
BGA-0575,GRT-2024-001,PRJ-2024-001,BDL-0090,ACT-0041,FP-2025-11,3854.08,3854.08,USD,1,,,,
BGA-0576,GRT-2024-001,PRJ-2024-001,BDL-0090,ACT-0038,FP-2025-12,3984.75,3984.75,USD,1,,,,
BGA-0577,GRT-2024-001,PRJ-2024-001,BDL-0097,ACT-0039,FP-2025-01,6671.69,6671.69,USD,1,,,,
BGA-0578,GRT-2024-001,PRJ-2024-001,BDL-0097,ACT-0041,FP-2025-02,8707.32,8707.32,USD,1,,,,
BGA-0579,GRT-2024-001,PRJ-2024-001,BDL-0097,ACT-0039,FP-2025-03,6293.63,6293.63,USD,1,,,,
BGA-0580,GRT-2024-001,PRJ-2024-001,BDL-0097,ACT-0041,FP-2025-04,9771.08,9771.08,USD,1,,,,
BGA-0581,GRT-2024-001,PRJ-2024-001,BDL-0097,ACT-0038,FP-2025-05,11324.13,11324.13,USD,1,,,,
BGA-0582,GRT-2024-001,PRJ-2024-001,BDL-0097,ACT-0041,FP-2025-06,9633.41,9633.41,USD,1,,,,
BGA-0583,GRT-2024-001,PRJ-2024-001,BDL-0097,ACT-0040,FP-2025-07,10693.59,10693.59,USD,1,,,,
BGA-0584,GRT-2024-001,PRJ-2024-001,BDL-0097,ACT-0040,FP-2025-08,11512.04,11512.04,USD,1,,,,
BGA-0585,GRT-2024-001,PRJ-2024-001,BDL-0097,ACT-0040,FP-2025-09,13499.48,13499.48,USD,1,,,,
BGA-0586,GRT-2024-001,PRJ-2024-001,BDL-0097,ACT-0039,FP-2025-10,6222.7,6933.82,USD,2,VIR-2025-042,STF-001,2025-06-23,Quarterly reallocation
BGA-0587,GRT-2024-001,PRJ-2024-001,BDL-0097,ACT-0038,FP-2025-11,6772.95,6772.95,USD,1,,,,
BGA-0588,GRT-2024-001,PRJ-2024-001,BDL-0097,ACT-0038,FP-2025-12,8792.19,8792.19,USD,1,,,,
BGA-0589,GRT-2024-001,PRJ-2024-001,BDL-0087,ACT-0039,FP-2025-01,6434.84,6434.84,USD,1,,,,
BGA-0590,GRT-2024-001,PRJ-2024-001,BDL-0087,ACT-0040,FP-2025-02,6765.27,7117.65,USD,2,VIR-2025-020,STF-003,2025-07-01,Quarterly reallocation
BGA-0591,GRT-2024-001,PRJ-2024-001,BDL-0087,ACT-0041,FP-2025-03,6873.46,6873.46,USD,1,,,,
BGA-0592,GRT-2024-001,PRJ-2024-001,BDL-0087,ACT-0039,FP-2025-04,10383.31,10383.31,USD,1,,,,
BGA-0593,GRT-2024-001,PRJ-2024-001,BDL-0087,ACT-0041,FP-2025-05,8981.84,8981.84,USD,1,,,,
BGA-0594,GRT-2024-001,PRJ-2024-001,BDL-0087,ACT-0040,FP-2025-06,9410.73,9790.59,USD,2,VIR-2025-039,STF-003,2025-03-14,Quarterly reallocation
BGA-0595,GRT-2024-001,PRJ-2024-001,BDL-0087,ACT-0038,FP-2025-07,9564.91,9564.91,USD,1,,,,
BGA-0596,GRT-2024-001,PRJ-2024-001,BDL-0087,ACT-0040,FP-2025-08,9722.25,9722.25,USD,1,,,,
BGA-0597,GRT-2024-001,PRJ-2024-001,BDL-0087,ACT-0040,FP-2025-09,11907.86,11907.86,USD,1,,,,
BGA-0598,GRT-2024-001,PRJ-2024-001,BDL-0087,ACT-0039,FP-2025-10,5691.67,5691.67,USD,1,,,,
BGA-0599,GRT-2024-001,PRJ-2024-001,BDL-0087,ACT-0041,FP-2025-11,7541.75,7541.75,USD,1,,,,
BGA-0600,GRT-2024-001,PRJ-2024-001,BDL-0087,ACT-0038,FP-2025-12,6919.73,6919.73,USD,1,,,,
BGA-0601,GRT-2024-001,PRJ-2024-002,BDL-0098,ACT-0043,FP-2025-01,10147.65,10003.47,USD,2,VIR-2025-046,STF-001,2025-06-25,Quarterly reallocation
BGA-0602,GRT-2024-001,PRJ-2024-002,BDL-0098,ACT-0044,FP-2025-02,10769.53,10769.53,USD,1,,,,
BGA-0603,GRT-2024-001,PRJ-2024-002,BDL-0098,ACT-0043,FP-2025-03,10653.45,10653.45,USD,1,,,,
BGA-0604,GRT-2024-001,PRJ-2024-002,BDL-0098,ACT-0044,FP-2025-04,13644.63,13644.63,USD,1,,,,
BGA-0605,GRT-2024-001,PRJ-2024-002,BDL-0098,ACT-0043,FP-2025-05,16210.84,16210.84,USD,1,,,,
BGA-0606,GRT-2024-001,PRJ-2024-002,BDL-0098,ACT-0042,FP-2025-06,17529.85,17529.85,USD,1,,,,
BGA-0607,GRT-2024-001,PRJ-2024-002,BDL-0098,ACT-0044,FP-2025-07,15107.58,15107.58,USD,1,,,,
BGA-0608,GRT-2024-001,PRJ-2024-002,BDL-0098,ACT-0044,FP-2025-08,16455.13,16455.13,USD,1,,,,
BGA-0609,GRT-2024-001,PRJ-2024-002,BDL-0098,ACT-0042,FP-2025-09,15367.99,15367.99,USD,1,,,,
BGA-0610,GRT-2024-001,PRJ-2024-002,BDL-0098,ACT-0042,FP-2025-10,10497.18,10497.18,USD,1,,,,
BGA-0611,GRT-2024-001,PRJ-2024-002,BDL-0098,ACT-0042,FP-2025-11,10504.33,10504.33,USD,1,,,,
BGA-0612,GRT-2024-001,PRJ-2024-002,BDL-0098,ACT-0044,FP-2025-12,12183.84,12183.84,USD,1,,,,
BGA-0613,GRT-2024-001,PRJ-2024-002,BDL-0092,ACT-0043,FP-2025-01,1916.82,1916.82,USD,1,,,,
BGA-0614,GRT-2024-001,PRJ-2024-002,BDL-0092,ACT-0045,FP-2025-02,1697.79,1697.79,USD,1,,,,
BGA-0615,GRT-2024-001,PRJ-2024-002,BDL-0092,ACT-0045,FP-2025-03,2372.84,2372.84,USD,1,,,,
BGA-0616,GRT-2024-001,PRJ-2024-002,BDL-0092,ACT-0043,FP-2025-04,2383.42,2383.42,USD,1,,,,
BGA-0617,GRT-2024-001,PRJ-2024-002,BDL-0092,ACT-0043,FP-2025-05,3090.39,3090.39,USD,1,,,,
BGA-0618,GRT-2024-001,PRJ-2024-002,BDL-0092,ACT-0045,FP-2025-06,2572.69,2491.35,USD,2,VIR-2025-049,STF-001,2025-05-28,Quarterly reallocation
BGA-0619,GRT-2024-001,PRJ-2024-002,BDL-0092,ACT-0042,FP-2025-07,3513.49,3513.49,USD,1,,,,
BGA-0620,GRT-2024-001,PRJ-2024-002,BDL-0092,ACT-0045,FP-2025-08,2706.35,2706.35,USD,1,,,,
BGA-0621,GRT-2024-001,PRJ-2024-002,BDL-0092,ACT-0045,FP-2025-09,3054.57,3054.57,USD,1,,,,
BGA-0622,GRT-2024-001,PRJ-2024-002,BDL-0092,ACT-0044,FP-2025-10,1592.38,1592.38,USD,1,,,,
BGA-0623,GRT-2024-001,PRJ-2024-002,BDL-0092,ACT-0043,FP-2025-11,2343.35,2343.35,USD,1,,,,
BGA-0624,GRT-2024-001,PRJ-2024-002,BDL-0092,ACT-0043,FP-2025-12,1602.91,1533.29,USD,2,VIR-2025-023,STF-002,2025-02-03,Quarterly reallocation
BGA-0625,GRT-2024-001,PRJ-2024-002,BDL-0087,ACT-0044,FP-2025-01,5468.9,5468.9,USD,1,,,,
BGA-0626,GRT-2024-001,PRJ-2024-002,BDL-0087,ACT-0044,FP-2025-02,5636.17,5636.17,USD,1,,,,
BGA-0627,GRT-2024-001,PRJ-2024-002,BDL-0087,ACT-0044,FP-2025-03,7668.61,7668.61,USD,1,,,,
BGA-0628,GRT-2024-001,PRJ-2024-002,BDL-0087,ACT-0043,FP-2025-04,8861.56,8861.56,USD,1,,,,
BGA-0629,GRT-2024-001,PRJ-2024-002,BDL-0087,ACT-0044,FP-2025-05,8530.45,8530.45,USD,1,,,,
BGA-0630,GRT-2024-001,PRJ-2024-002,BDL-0087,ACT-0045,FP-2025-06,10013.83,10013.83,USD,1,,,,
BGA-0631,GRT-2024-001,PRJ-2024-002,BDL-0087,ACT-0043,FP-2025-07,8402.42,8402.42,USD,1,,,,
BGA-0632,GRT-2024-001,PRJ-2024-002,BDL-0087,ACT-0043,FP-2025-08,9201.68,8564.84,USD,2,VIR-2025-046,STF-003,2025-07-22,Quarterly reallocation
BGA-0633,GRT-2024-001,PRJ-2024-002,BDL-0087,ACT-0044,FP-2025-09,8478.32,8478.32,USD,1,,,,
BGA-0634,GRT-2024-001,PRJ-2024-002,BDL-0087,ACT-0042,FP-2025-10,7207.7,7207.7,USD,1,,,,
BGA-0635,GRT-2024-001,PRJ-2024-002,BDL-0087,ACT-0042,FP-2025-11,6923.48,6923.48,USD,1,,,,
BGA-0636,GRT-2024-001,PRJ-2024-002,BDL-0087,ACT-0045,FP-2025-12,5327.22,5327.22,USD,1,,,,
BGA-0637,GRT-2024-001,PRJ-2024-002,BDL-0089,ACT-0045,FP-2025-01,4441.48,4441.48,USD,1,,,,
BGA-0638,GRT-2024-001,PRJ-2024-002,BDL-0089,ACT-0042,FP-2025-02,5041.6,5041.6,USD,1,,,,
BGA-0639,GRT-2024-001,PRJ-2024-002,BDL-0089,ACT-0044,FP-2025-03,4293.81,4293.81,USD,1,,,,
BGA-0640,GRT-2024-001,PRJ-2024-002,BDL-0089,ACT-0045,FP-2025-04,6851.69,6851.69,USD,1,,,,
BGA-0641,GRT-2024-001,PRJ-2024-002,BDL-0089,ACT-0042,FP-2025-05,7394.68,7394.68,USD,1,,,,
BGA-0642,GRT-2024-001,PRJ-2024-002,BDL-0089,ACT-0045,FP-2025-06,5963.25,5963.25,USD,1,,,,
BGA-0643,GRT-2024-001,PRJ-2024-002,BDL-0089,ACT-0044,FP-2025-07,6564.17,6564.17,USD,1,,,,
BGA-0644,GRT-2024-001,PRJ-2024-002,BDL-0089,ACT-0044,FP-2025-08,8453.59,8453.59,USD,1,,,,
BGA-0645,GRT-2024-001,PRJ-2024-002,BDL-0089,ACT-0042,FP-2025-09,8071.25,8071.25,USD,1,,,,
BGA-0646,GRT-2024-001,PRJ-2024-002,BDL-0089,ACT-0045,FP-2025-10,4754.75,4754.75,USD,1,,,,
BGA-0647,GRT-2024-001,PRJ-2024-002,BDL-0089,ACT-0042,FP-2025-11,4348.84,4899.93,USD,2,VIR-2025-037,STF-003,2025-05-07,Quarterly reallocation
BGA-0648,GRT-2024-001,PRJ-2024-002,BDL-0089,ACT-0042,FP-2025-12,4010.24,4334.63,USD,2,VIR-2025-007,STF-002,2025-06-14,Quarterly reallocation
BGA-0649,GRT-2024-001,PRJ-2024-002,BDL-0096,ACT-0044,FP-2025-01,1381.28,1381.28,USD,1,,,,
BGA-0650,GRT-2024-001,PRJ-2024-002,BDL-0096,ACT-0043,FP-2025-02,1401.69,1567.84,USD,2,VIR-2025-019,STF-002,2025-07-25,Quarterly reallocation
BGA-0651,GRT-2024-001,PRJ-2024-002,BDL-0096,ACT-0042,FP-2025-03,1657.15,1657.15,USD,1,,,,
BGA-0652,GRT-2024-001,PRJ-2024-002,BDL-0096,ACT-0042,FP-2025-04,1815.78,1815.78,USD,1,,,,
BGA-0653,GRT-2024-001,PRJ-2024-002,BDL-0096,ACT-0043,FP-2025-05,1741.83,1741.83,USD,1,,,,
BGA-0654,GRT-2024-001,PRJ-2024-002,BDL-0096,ACT-0044,FP-2025-06,2018.3,2018.3,USD,1,,,,
BGA-0655,GRT-2024-001,PRJ-2024-002,BDL-0096,ACT-0044,FP-2025-07,2851.25,2696.48,USD,2,VIR-2025-026,STF-002,2025-04-27,Quarterly reallocation
BGA-0656,GRT-2024-001,PRJ-2024-002,BDL-0096,ACT-0045,FP-2025-08,2250.34,2250.34,USD,1,,,,
BGA-0657,GRT-2024-001,PRJ-2024-002,BDL-0096,ACT-0043,FP-2025-09,2773.41,2773.41,USD,1,,,,
BGA-0658,GRT-2024-001,PRJ-2024-002,BDL-0096,ACT-0042,FP-2025-10,1308.17,1308.17,USD,1,,,,
BGA-0659,GRT-2024-001,PRJ-2024-002,BDL-0096,ACT-0042,FP-2025-11,1845.85,1845.85,USD,1,,,,
BGA-0660,GRT-2024-001,PRJ-2024-002,BDL-0096,ACT-0045,FP-2025-12,1495.73,1495.73,USD,1,,,,
BGA-0661,GRT-2024-002,PRJ-2024-003,BDL-0159,ACT-0047,FP-2025-01,3981.31,3981.31,USD,1,,,,
BGA-0662,GRT-2024-002,PRJ-2024-003,BDL-0159,ACT-0048,FP-2025-02,3913.34,3829.44,USD,2,VIR-2025-046,STF-003,2025-05-15,Quarterly reallocation
BGA-0663,GRT-2024-002,PRJ-2024-003,BDL-0159,ACT-0048,FP-2025-03,4437.39,4437.39,USD,1,,,,
BGA-0664,GRT-2024-002,PRJ-2024-003,BDL-0159,ACT-0047,FP-2025-04,4992.24,4992.24,USD,1,,,,
BGA-0665,GRT-2024-002,PRJ-2024-003,BDL-0159,ACT-0048,FP-2025-05,5654.69,5654.69,USD,1,,,,
BGA-0666,GRT-2024-002,PRJ-2024-003,BDL-0159,ACT-0046,FP-2025-06,4703.25,4703.25,USD,1,,,,
BGA-0667,GRT-2024-002,PRJ-2024-003,BDL-0159,ACT-0048,FP-2025-07,6367.15,6367.15,USD,1,,,,
BGA-0668,GRT-2024-002,PRJ-2024-003,BDL-0159,ACT-0048,FP-2025-08,6118.17,6118.17,USD,1,,,,
BGA-0669,GRT-2024-002,PRJ-2024-003,BDL-0159,ACT-0046,FP-2025-09,7419.31,7419.31,USD,1,,,,
BGA-0670,GRT-2024-002,PRJ-2024-003,BDL-0159,ACT-0047,FP-2025-10,4238.37,4238.37,USD,1,,,,
BGA-0671,GRT-2024-002,PRJ-2024-003,BDL-0159,ACT-0046,FP-2025-11,4572.63,4572.63,USD,1,,,,
BGA-0672,GRT-2024-002,PRJ-2024-003,BDL-0159,ACT-0047,FP-2025-12,4411.58,4411.58,USD,1,,,,
BGA-0673,GRT-2024-002,PRJ-2024-003,BDL-0166,ACT-0046,FP-2025-01,1569.22,1628.26,USD,2,VIR-2025-025,STF-002,2025-07-29,Quarterly reallocation
BGA-0674,GRT-2024-002,PRJ-2024-003,BDL-0166,ACT-0048,FP-2025-02,1180.82,1180.82,USD,1,,,,
BGA-0675,GRT-2024-002,PRJ-2024-003,BDL-0166,ACT-0047,FP-2025-03,1293.41,1293.41,USD,1,,,,
BGA-0676,GRT-2024-002,PRJ-2024-003,BDL-0166,ACT-0048,FP-2025-04,1713.11,1713.11,USD,1,,,,
BGA-0677,GRT-2024-002,PRJ-2024-003,BDL-0166,ACT-0047,FP-2025-05,1962.61,1962.61,USD,1,,,,
BGA-0678,GRT-2024-002,PRJ-2024-003,BDL-0166,ACT-0046,FP-2025-06,1505.83,1505.83,USD,1,,,,
BGA-0679,GRT-2024-002,PRJ-2024-003,BDL-0166,ACT-0048,FP-2025-07,2359.98,2359.98,USD,1,,,,
BGA-0680,GRT-2024-002,PRJ-2024-003,BDL-0166,ACT-0046,FP-2025-08,1948.15,1948.15,USD,1,,,,
BGA-0681,GRT-2024-002,PRJ-2024-003,BDL-0166,ACT-0047,FP-2025-09,2244.01,2244.01,USD,1,,,,
BGA-0682,GRT-2024-002,PRJ-2024-003,BDL-0166,ACT-0046,FP-2025-10,1248.63,1387.33,USD,2,VIR-2025-022,STF-003,2025-07-16,Quarterly reallocation
BGA-0683,GRT-2024-002,PRJ-2024-003,BDL-0166,ACT-0048,FP-2025-11,1384.1,1384.1,USD,1,,,,
BGA-0684,GRT-2024-002,PRJ-2024-003,BDL-0166,ACT-0046,FP-2025-12,1248.6,1248.6,USD,1,,,,
BGA-0685,GRT-2024-002,PRJ-2024-003,BDL-0165,ACT-0047,FP-2025-01,1480.03,1480.03,USD,1,,,,
BGA-0686,GRT-2024-002,PRJ-2024-003,BDL-0165,ACT-0047,FP-2025-02,1263.24,1263.24,USD,1,,,,
BGA-0687,GRT-2024-002,PRJ-2024-003,BDL-0165,ACT-0046,FP-2025-03,1366.52,1366.52,USD,1,,,,
BGA-0688,GRT-2024-002,PRJ-2024-003,BDL-0165,ACT-0046,FP-2025-04,1536.23,1536.23,USD,1,,,,
BGA-0689,GRT-2024-002,PRJ-2024-003,BDL-0165,ACT-0047,FP-2025-05,2118.99,2118.99,USD,1,,,,
BGA-0690,GRT-2024-002,PRJ-2024-003,BDL-0165,ACT-0046,FP-2025-06,1582.17,1582.17,USD,1,,,,
BGA-0691,GRT-2024-002,PRJ-2024-003,BDL-0165,ACT-0046,FP-2025-07,1820.03,1820.03,USD,1,,,,
BGA-0692,GRT-2024-002,PRJ-2024-003,BDL-0165,ACT-0048,FP-2025-08,2108.64,2108.64,USD,1,,,,
BGA-0693,GRT-2024-002,PRJ-2024-003,BDL-0165,ACT-0046,FP-2025-09,2006.42,2006.42,USD,1,,,,
BGA-0694,GRT-2024-002,PRJ-2024-003,BDL-0165,ACT-0048,FP-2025-10,1569.77,1569.77,USD,1,,,,
BGA-0695,GRT-2024-002,PRJ-2024-003,BDL-0165,ACT-0047,FP-2025-11,1138.84,1138.84,USD,1,,,,
BGA-0696,GRT-2024-002,PRJ-2024-003,BDL-0165,ACT-0046,FP-2025-12,1425.93,1425.93,USD,1,,,,
BGA-0697,GRT-2024-002,PRJ-2024-003,BDL-0154,ACT-0048,FP-2025-01,958.24,874.05,USD,2,VIR-2025-028,STF-003,2025-05-04,Quarterly reallocation
BGA-0698,GRT-2024-002,PRJ-2024-003,BDL-0154,ACT-0046,FP-2025-02,945.48,945.48,USD,1,,,,
BGA-0699,GRT-2024-002,PRJ-2024-003,BDL-0154,ACT-0046,FP-2025-03,870.29,870.29,USD,1,,,,
BGA-0700,GRT-2024-002,PRJ-2024-003,BDL-0154,ACT-0048,FP-2025-04,952.14,952.14,USD,1,,,,
BGA-0701,GRT-2024-002,PRJ-2024-003,BDL-0154,ACT-0047,FP-2025-05,1304.81,1304.81,USD,1,,,,
BGA-0702,GRT-2024-002,PRJ-2024-003,BDL-0154,ACT-0048,FP-2025-06,1094.77,1094.77,USD,1,,,,
BGA-0703,GRT-2024-002,PRJ-2024-003,BDL-0154,ACT-0047,FP-2025-07,1428.97,1428.97,USD,1,,,,
BGA-0704,GRT-2024-002,PRJ-2024-003,BDL-0154,ACT-0046,FP-2025-08,1536.62,1536.62,USD,1,,,,
BGA-0705,GRT-2024-002,PRJ-2024-003,BDL-0154,ACT-0048,FP-2025-09,1106.07,1106.07,USD,1,,,,
BGA-0706,GRT-2024-002,PRJ-2024-003,BDL-0154,ACT-0048,FP-2025-10,812.25,812.25,USD,1,,,,
BGA-0707,GRT-2024-002,PRJ-2024-003,BDL-0154,ACT-0048,FP-2025-11,924.9,924.9,USD,1,,,,
BGA-0708,GRT-2024-002,PRJ-2024-003,BDL-0154,ACT-0048,FP-2025-12,851.14,851.14,USD,1,,,,
BGA-0709,GRT-2024-002,PRJ-2024-003,BDL-0158,ACT-0048,FP-2025-01,3433.16,3433.16,USD,1,,,,
BGA-0710,GRT-2024-002,PRJ-2024-003,BDL-0158,ACT-0046,FP-2025-02,2697.41,2697.41,USD,1,,,,
BGA-0711,GRT-2024-002,PRJ-2024-003,BDL-0158,ACT-0047,FP-2025-03,3166.93,3166.93,USD,1,,,,
BGA-0712,GRT-2024-002,PRJ-2024-003,BDL-0158,ACT-0048,FP-2025-04,4799.28,4799.28,USD,1,,,,
BGA-0713,GRT-2024-002,PRJ-2024-003,BDL-0158,ACT-0048,FP-2025-05,4392.04,4392.04,USD,1,,,,
BGA-0714,GRT-2024-002,PRJ-2024-003,BDL-0158,ACT-0048,FP-2025-06,4798.87,4798.87,USD,1,,,,
BGA-0715,GRT-2024-002,PRJ-2024-003,BDL-0158,ACT-0046,FP-2025-07,4625.99,4625.99,USD,1,,,,
BGA-0716,GRT-2024-002,PRJ-2024-003,BDL-0158,ACT-0046,FP-2025-08,5105.2,4662.41,USD,2,VIR-2025-004,STF-001,2025-03-10,Quarterly reallocation
BGA-0717,GRT-2024-002,PRJ-2024-003,BDL-0158,ACT-0047,FP-2025-09,5565.5,5565.5,USD,1,,,,
BGA-0718,GRT-2024-002,PRJ-2024-003,BDL-0158,ACT-0046,FP-2025-10,3393.96,3393.96,USD,1,,,,
BGA-0719,GRT-2024-002,PRJ-2024-003,BDL-0158,ACT-0048,FP-2025-11,3403.07,3403.07,USD,1,,,,
BGA-0720,GRT-2024-002,PRJ-2024-003,BDL-0158,ACT-0046,FP-2025-12,2570.46,2570.46,USD,1,,,,
BGA-0721,GRT-2024-002,PRJ-2024-004,BDL-0173,ACT-0051,FP-2025-01,935.77,935.77,USD,1,,,,
BGA-0722,GRT-2024-002,PRJ-2024-004,BDL-0173,ACT-0052,FP-2025-02,1003.6,1000.48,USD,2,VIR-2025-044,STF-002,2025-05-22,Quarterly reallocation
BGA-0723,GRT-2024-002,PRJ-2024-004,BDL-0173,ACT-0050,FP-2025-03,765.41,765.41,USD,1,,,,
BGA-0724,GRT-2024-002,PRJ-2024-004,BDL-0173,ACT-0052,FP-2025-04,1367.28,1367.28,USD,1,,,,
BGA-0725,GRT-2024-002,PRJ-2024-004,BDL-0173,ACT-0051,FP-2025-05,1476.54,1476.54,USD,1,,,,
BGA-0726,GRT-2024-002,PRJ-2024-004,BDL-0173,ACT-0053,FP-2025-06,1437.48,1437.48,USD,1,,,,
BGA-0727,GRT-2024-002,PRJ-2024-004,BDL-0173,ACT-0050,FP-2025-07,1309.72,1309.72,USD,1,,,,
BGA-0728,GRT-2024-002,PRJ-2024-004,BDL-0173,ACT-0049,FP-2025-08,1367.98,1367.98,USD,1,,,,
BGA-0729,GRT-2024-002,PRJ-2024-004,BDL-0173,ACT-0053,FP-2025-09,1304.06,1304.06,USD,1,,,,
BGA-0730,GRT-2024-002,PRJ-2024-004,BDL-0173,ACT-0051,FP-2025-10,789.84,820.76,USD,2,VIR-2025-009,STF-001,2025-05-30,Quarterly reallocation
BGA-0731,GRT-2024-002,PRJ-2024-004,BDL-0173,ACT-0052,FP-2025-11,1060.65,1142.77,USD,2,VIR-2025-010,STF-001,2025-02-09,Quarterly reallocation
BGA-0732,GRT-2024-002,PRJ-2024-004,BDL-0173,ACT-0053,FP-2025-12,1091.44,1091.44,USD,1,,,,
BGA-0733,GRT-2024-002,PRJ-2024-004,BDL-0171,ACT-0053,FP-2025-01,2615.07,2615.07,USD,1,,,,
BGA-0734,GRT-2024-002,PRJ-2024-004,BDL-0171,ACT-0051,FP-2025-02,2345.59,2419.12,USD,2,VIR-2025-012,STF-003,2025-01-18,Quarterly reallocation
BGA-0735,GRT-2024-002,PRJ-2024-004,BDL-0171,ACT-0053,FP-2025-03,2562.75,2562.75,USD,1,,,,
BGA-0736,GRT-2024-002,PRJ-2024-004,BDL-0171,ACT-0050,FP-2025-04,3266.92,3661.72,USD,2,VIR-2025-043,STF-002,2025-03-26,Quarterly reallocation
BGA-0737,GRT-2024-002,PRJ-2024-004,BDL-0171,ACT-0053,FP-2025-05,3039.98,3039.98,USD,1,,,,
BGA-0738,GRT-2024-002,PRJ-2024-004,BDL-0171,ACT-0049,FP-2025-06,3258.51,3258.51,USD,1,,,,
BGA-0739,GRT-2024-002,PRJ-2024-004,BDL-0171,ACT-0050,FP-2025-07,3112.13,3112.13,USD,1,,,,
BGA-0740,GRT-2024-002,PRJ-2024-004,BDL-0171,ACT-0053,FP-2025-08,4274.4,4274.4,USD,1,,,,
BGA-0741,GRT-2024-002,PRJ-2024-004,BDL-0171,ACT-0051,FP-2025-09,3302.13,3286.75,USD,2,VIR-2025-008,STF-002,2025-03-07,Quarterly reallocation
BGA-0742,GRT-2024-002,PRJ-2024-004,BDL-0171,ACT-0053,FP-2025-10,2336.46,2336.46,USD,1,,,,
BGA-0743,GRT-2024-002,PRJ-2024-004,BDL-0171,ACT-0053,FP-2025-11,2595.72,2595.72,USD,1,,,,
BGA-0744,GRT-2024-002,PRJ-2024-004,BDL-0171,ACT-0050,FP-2025-12,2249.38,2204.57,USD,2,VIR-2025-006,STF-001,2025-02-12,Quarterly reallocation
BGA-0745,GRT-2024-002,PRJ-2024-004,BDL-0161,ACT-0053,FP-2025-01,1297.98,1297.98,USD,1,,,,
BGA-0746,GRT-2024-002,PRJ-2024-004,BDL-0161,ACT-0050,FP-2025-02,876.78,978.69,USD,2,VIR-2025-028,STF-001,2025-02-22,Quarterly reallocation
BGA-0747,GRT-2024-002,PRJ-2024-004,BDL-0161,ACT-0052,FP-2025-03,1108.47,1108.47,USD,1,,,,
BGA-0748,GRT-2024-002,PRJ-2024-004,BDL-0161,ACT-0050,FP-2025-04,1618.39,1618.39,USD,1,,,,
BGA-0749,GRT-2024-002,PRJ-2024-004,BDL-0161,ACT-0049,FP-2025-05,1237.54,1237.54,USD,1,,,,
BGA-0750,GRT-2024-002,PRJ-2024-004,BDL-0161,ACT-0051,FP-2025-06,1276.53,1326.98,USD,2,VIR-2025-037,STF-001,2025-08-22,Quarterly reallocation
BGA-0751,GRT-2024-002,PRJ-2024-004,BDL-0161,ACT-0052,FP-2025-07,1578.49,1578.49,USD,1,,,,
BGA-0752,GRT-2024-002,PRJ-2024-004,BDL-0161,ACT-0049,FP-2025-08,1700.36,1757.68,USD,2,VIR-2025-042,STF-003,2025-06-08,Quarterly reallocation
BGA-0753,GRT-2024-002,PRJ-2024-004,BDL-0161,ACT-0049,FP-2025-09,1441.93,1441.93,USD,1,,,,
BGA-0754,GRT-2024-002,PRJ-2024-004,BDL-0161,ACT-0053,FP-2025-10,1179.72,1093.05,USD,2,VIR-2025-044,STF-002,2025-06-05,Quarterly reallocation
BGA-0755,GRT-2024-002,PRJ-2024-004,BDL-0161,ACT-0052,FP-2025-11,911.37,911.37,USD,1,,,,
BGA-0756,GRT-2024-002,PRJ-2024-004,BDL-0161,ACT-0049,FP-2025-12,1040.18,1040.18,USD,1,,,,
BGA-0757,GRT-2024-002,PRJ-2024-004,BDL-0166,ACT-0050,FP-2025-01,1307.09,1307.09,USD,1,,,,
BGA-0758,GRT-2024-002,PRJ-2024-004,BDL-0166,ACT-0053,FP-2025-02,1451.2,1451.2,USD,1,,,,
BGA-0759,GRT-2024-002,PRJ-2024-004,BDL-0166,ACT-0051,FP-2025-03,1212.51,1212.51,USD,1,,,,
BGA-0760,GRT-2024-002,PRJ-2024-004,BDL-0166,ACT-0051,FP-2025-04,1980.3,1980.3,USD,1,,,,
BGA-0761,GRT-2024-002,PRJ-2024-004,BDL-0166,ACT-0053,FP-2025-05,2187.48,2046.05,USD,2,VIR-2025-003,STF-001,2025-05-27,Quarterly reallocation
BGA-0762,GRT-2024-002,PRJ-2024-004,BDL-0166,ACT-0049,FP-2025-06,1920.65,1920.65,USD,1,,,,
BGA-0763,GRT-2024-002,PRJ-2024-004,BDL-0166,ACT-0051,FP-2025-07,1948.23,1948.23,USD,1,,,,
BGA-0764,GRT-2024-002,PRJ-2024-004,BDL-0166,ACT-0053,FP-2025-08,1869.65,1869.65,USD,1,,,,
BGA-0765,GRT-2024-002,PRJ-2024-004,BDL-0166,ACT-0053,FP-2025-09,1811.08,1811.08,USD,1,,,,
BGA-0766,GRT-2024-002,PRJ-2024-004,BDL-0166,ACT-0050,FP-2025-10,1497.69,1497.69,USD,1,,,,
BGA-0767,GRT-2024-002,PRJ-2024-004,BDL-0166,ACT-0049,FP-2025-11,1411.16,1411.16,USD,1,,,,
BGA-0768,GRT-2024-002,PRJ-2024-004,BDL-0166,ACT-0053,FP-2025-12,1506.48,1506.48,USD,1,,,,
BGA-0769,GRT-2024-002,PRJ-2024-004,BDL-0172,ACT-0051,FP-2025-01,1366.03,1366.03,USD,1,,,,
BGA-0770,GRT-2024-002,PRJ-2024-004,BDL-0172,ACT-0050,FP-2025-02,1482.82,1482.82,USD,1,,,,
BGA-0771,GRT-2024-002,PRJ-2024-004,BDL-0172,ACT-0051,FP-2025-03,1512.74,1512.74,USD,1,,,,
BGA-0772,GRT-2024-002,PRJ-2024-004,BDL-0172,ACT-0050,FP-2025-04,1831.54,1831.54,USD,1,,,,
BGA-0773,GRT-2024-002,PRJ-2024-004,BDL-0172,ACT-0050,FP-2025-05,1631.77,1631.77,USD,1,,,,
BGA-0774,GRT-2024-002,PRJ-2024-004,BDL-0172,ACT-0053,FP-2025-06,1800.96,1800.96,USD,1,,,,
BGA-0775,GRT-2024-002,PRJ-2024-004,BDL-0172,ACT-0050,FP-2025-07,2361.62,2361.62,USD,1,,,,
BGA-0776,GRT-2024-002,PRJ-2024-004,BDL-0172,ACT-0051,FP-2025-08,2278.26,2278.26,USD,1,,,,
BGA-0777,GRT-2024-002,PRJ-2024-004,BDL-0172,ACT-0051,FP-2025-09,2627.35,2627.35,USD,1,,,,
BGA-0778,GRT-2024-002,PRJ-2024-004,BDL-0172,ACT-0052,FP-2025-10,1246.66,1246.66,USD,1,,,,
BGA-0779,GRT-2024-002,PRJ-2024-004,BDL-0172,ACT-0051,FP-2025-11,1263.59,1263.59,USD,1,,,,
BGA-0780,GRT-2024-002,PRJ-2024-004,BDL-0172,ACT-0051,FP-2025-12,1597.26,1597.26,USD,1,,,,
BGA-0781,GRT-2023-005,PRJ-2023-010,BDL-0151,ACT-0055,FP-2025-01,219640.2,219640.2,TZS,1,,,,
BGA-0782,GRT-2023-005,PRJ-2023-010,BDL-0151,ACT-0056,FP-2025-02,288582.15,288582.15,TZS,1,,,,
BGA-0783,GRT-2023-005,PRJ-2023-010,BDL-0151,ACT-0056,FP-2025-03,221725.97,221725.97,TZS,1,,,,
BGA-0784,GRT-2023-005,PRJ-2023-010,BDL-0151,ACT-0054,FP-2025-04,293461.35,326445.47,TZS,2,VIR-2025-041,STF-001,2025-07-28,Quarterly reallocation
BGA-0785,GRT-2023-005,PRJ-2023-010,BDL-0151,ACT-0056,FP-2025-05,364892.27,364892.27,TZS,1,,,,
BGA-0786,GRT-2023-005,PRJ-2023-010,BDL-0151,ACT-0055,FP-2025-06,312724.06,323940.64,TZS,2,VIR-2025-035,STF-002,2025-06-17,Quarterly reallocation
BGA-0787,GRT-2023-005,PRJ-2023-010,BDL-0151,ACT-0054,FP-2025-07,448242.1,448242.1,TZS,1,,,,
BGA-0788,GRT-2023-005,PRJ-2023-010,BDL-0151,ACT-0055,FP-2025-08,467016.91,467016.91,TZS,1,,,,
BGA-0789,GRT-2023-005,PRJ-2023-010,BDL-0151,ACT-0054,FP-2025-09,344658.54,344658.54,TZS,1,,,,
BGA-0790,GRT-2023-005,PRJ-2023-010,BDL-0151,ACT-0056,FP-2025-10,241951.27,241951.27,TZS,1,,,,
BGA-0791,GRT-2023-005,PRJ-2023-010,BDL-0151,ACT-0056,FP-2025-11,226011.11,226011.11,TZS,1,,,,
BGA-0792,GRT-2023-005,PRJ-2023-010,BDL-0151,ACT-0054,FP-2025-12,270961.43,270961.43,TZS,1,,,,
BGA-0793,GRT-2023-005,PRJ-2023-010,BDL-0143,ACT-0056,FP-2025-01,836190.68,836190.68,TZS,1,,,,
BGA-0794,GRT-2023-005,PRJ-2023-010,BDL-0143,ACT-0056,FP-2025-02,909066.32,909066.32,TZS,1,,,,
BGA-0795,GRT-2023-005,PRJ-2023-010,BDL-0143,ACT-0054,FP-2025-03,933880.14,933880.14,TZS,1,,,,
BGA-0796,GRT-2023-005,PRJ-2023-010,BDL-0143,ACT-0054,FP-2025-04,1061841.43,1061841.43,TZS,1,,,,
BGA-0797,GRT-2023-005,PRJ-2023-010,BDL-0143,ACT-0056,FP-2025-05,1083634.16,1083634.16,TZS,1,,,,
BGA-0798,GRT-2023-005,PRJ-2023-010,BDL-0143,ACT-0055,FP-2025-06,1056077.14,1056077.14,TZS,1,,,,
BGA-0799,GRT-2023-005,PRJ-2023-010,BDL-0143,ACT-0054,FP-2025-07,1306113.66,1306113.66,TZS,1,,,,
BGA-0800,GRT-2023-005,PRJ-2023-010,BDL-0143,ACT-0054,FP-2025-08,1115679.86,1115679.86,TZS,1,,,,
BGA-0801,GRT-2023-005,PRJ-2023-010,BDL-0143,ACT-0055,FP-2025-09,1478747.55,1478747.55,TZS,1,,,,
BGA-0802,GRT-2023-005,PRJ-2023-010,BDL-0143,ACT-0056,FP-2025-10,969043.4,969043.4,TZS,1,,,,
BGA-0803,GRT-2023-005,PRJ-2023-010,BDL-0143,ACT-0055,FP-2025-11,878556.95,878556.95,TZS,1,,,,
BGA-0804,GRT-2023-005,PRJ-2023-010,BDL-0143,ACT-0054,FP-2025-12,808528.57,808528.57,TZS,1,,,,
BGA-0805,GRT-2023-005,PRJ-2023-010,BDL-0146,ACT-0054,FP-2025-01,780248.1,780248.1,TZS,1,,,,
BGA-0806,GRT-2023-005,PRJ-2023-010,BDL-0146,ACT-0055,FP-2025-02,780157.84,780157.84,TZS,1,,,,
BGA-0807,GRT-2023-005,PRJ-2023-010,BDL-0146,ACT-0056,FP-2025-03,771008.71,771008.71,TZS,1,,,,
BGA-0808,GRT-2023-005,PRJ-2023-010,BDL-0146,ACT-0055,FP-2025-04,870955.6,870955.6,TZS,1,,,,
BGA-0809,GRT-2023-005,PRJ-2023-010,BDL-0146,ACT-0056,FP-2025-05,939972.43,911963.49,TZS,2,VIR-2025-010,STF-001,2025-02-10,Quarterly reallocation
BGA-0810,GRT-2023-005,PRJ-2023-010,BDL-0146,ACT-0054,FP-2025-06,1025313.3,1025313.3,TZS,1,,,,
BGA-0811,GRT-2023-005,PRJ-2023-010,BDL-0146,ACT-0055,FP-2025-07,1320050.13,1320050.13,TZS,1,,,,
BGA-0812,GRT-2023-005,PRJ-2023-010,BDL-0146,ACT-0055,FP-2025-08,1349389.66,1349389.66,TZS,1,,,,
BGA-0813,GRT-2023-005,PRJ-2023-010,BDL-0146,ACT-0056,FP-2025-09,1229724.68,1229724.68,TZS,1,,,,
BGA-0814,GRT-2023-005,PRJ-2023-010,BDL-0146,ACT-0054,FP-2025-10,878436.14,818677.25,TZS,2,VIR-2025-038,STF-001,2025-02-04,Quarterly reallocation
BGA-0815,GRT-2023-005,PRJ-2023-010,BDL-0146,ACT-0056,FP-2025-11,815243.84,763652.17,TZS,2,VIR-2025-011,STF-002,2025-08-25,Quarterly reallocation
BGA-0816,GRT-2023-005,PRJ-2023-010,BDL-0146,ACT-0056,FP-2025-12,675883.19,675883.19,TZS,1,,,,
BGA-0817,GRT-2023-005,PRJ-2023-010,BDL-0147,ACT-0056,FP-2025-01,381652.44,381652.44,TZS,1,,,,
BGA-0818,GRT-2023-005,PRJ-2023-010,BDL-0147,ACT-0054,FP-2025-02,350640.82,350640.82,TZS,1,,,,
BGA-0819,GRT-2023-005,PRJ-2023-010,BDL-0147,ACT-0055,FP-2025-03,284910.36,284910.36,TZS,1,,,,
BGA-0820,GRT-2023-005,PRJ-2023-010,BDL-0147,ACT-0055,FP-2025-04,515969.15,515969.15,TZS,1,,,,
BGA-0821,GRT-2023-005,PRJ-2023-010,BDL-0147,ACT-0054,FP-2025-05,468019.19,468019.19,TZS,1,,,,
BGA-0822,GRT-2023-005,PRJ-2023-010,BDL-0147,ACT-0054,FP-2025-06,472045.2,472045.2,TZS,1,,,,
BGA-0823,GRT-2023-005,PRJ-2023-010,BDL-0147,ACT-0055,FP-2025-07,560246.39,560246.39,TZS,1,,,,
BGA-0824,GRT-2023-005,PRJ-2023-010,BDL-0147,ACT-0055,FP-2025-08,533993.65,532052.83,TZS,2,VIR-2025-007,STF-001,2025-02-21,Quarterly reallocation
BGA-0825,GRT-2023-005,PRJ-2023-010,BDL-0147,ACT-0056,FP-2025-09,518811.68,518811.68,TZS,1,,,,
BGA-0826,GRT-2023-005,PRJ-2023-010,BDL-0147,ACT-0054,FP-2025-10,311028.92,311028.92,TZS,1,,,,
BGA-0827,GRT-2023-005,PRJ-2023-010,BDL-0147,ACT-0056,FP-2025-11,279875.47,279875.47,TZS,1,,,,
BGA-0828,GRT-2023-005,PRJ-2023-010,BDL-0147,ACT-0056,FP-2025-12,262088.05,262088.05,TZS,1,,,,
BGA-0829,GRT-2023-005,PRJ-2023-010,BDL-0140,ACT-0056,FP-2025-01,476212.11,444106.94,TZS,2,VIR-2025-039,STF-003,2025-07-31,Quarterly reallocation
BGA-0830,GRT-2023-005,PRJ-2023-010,BDL-0140,ACT-0056,FP-2025-02,346243.87,346243.87,TZS,1,,,,
BGA-0831,GRT-2023-005,PRJ-2023-010,BDL-0140,ACT-0055,FP-2025-03,458365.05,458365.05,TZS,1,,,,
BGA-0832,GRT-2023-005,PRJ-2023-010,BDL-0140,ACT-0055,FP-2025-04,696355.31,696355.31,TZS,1,,,,
BGA-0833,GRT-2023-005,PRJ-2023-010,BDL-0140,ACT-0055,FP-2025-05,540038.08,540038.08,TZS,1,,,,
BGA-0834,GRT-2023-005,PRJ-2023-010,BDL-0140,ACT-0056,FP-2025-06,569354.99,569354.99,TZS,1,,,,
BGA-0835,GRT-2023-005,PRJ-2023-010,BDL-0140,ACT-0055,FP-2025-07,713144.86,713144.86,TZS,1,,,,
BGA-0836,GRT-2023-005,PRJ-2023-010,BDL-0140,ACT-0054,FP-2025-08,685744.45,685744.45,TZS,1,,,,
BGA-0837,GRT-2023-005,PRJ-2023-010,BDL-0140,ACT-0055,FP-2025-09,632074.35,632074.35,TZS,1,,,,
BGA-0838,GRT-2023-005,PRJ-2023-010,BDL-0140,ACT-0056,FP-2025-10,390641.14,428672.25,TZS,2,VIR-2025-037,STF-003,2025-01-31,Quarterly reallocation
BGA-0839,GRT-2023-005,PRJ-2023-010,BDL-0140,ACT-0054,FP-2025-11,435964.42,435964.42,TZS,1,,,,
BGA-0840,GRT-2023-005,PRJ-2023-010,BDL-0140,ACT-0055,FP-2025-12,465032.3,465032.3,TZS,1,,,,
BGA-0841,GRT-2024-003,PRJ-2024-005,BDL-0177,ACT-0060,FP-2025-01,610.8,610.8,USD,1,,,,
BGA-0842,GRT-2024-003,PRJ-2024-005,BDL-0177,ACT-0060,FP-2025-02,695.1,695.1,USD,1,,,,
BGA-0843,GRT-2024-003,PRJ-2024-005,BDL-0177,ACT-0060,FP-2025-03,746.68,746.68,USD,1,,,,
BGA-0844,GRT-2024-003,PRJ-2024-005,BDL-0177,ACT-0060,FP-2025-04,826.69,826.69,USD,1,,,,
BGA-0845,GRT-2024-003,PRJ-2024-005,BDL-0177,ACT-0059,FP-2025-05,855.17,855.17,USD,1,,,,
BGA-0846,GRT-2024-003,PRJ-2024-005,BDL-0177,ACT-0058,FP-2025-06,1052.64,1052.64,USD,1,,,,
BGA-0847,GRT-2024-003,PRJ-2024-005,BDL-0177,ACT-0058,FP-2025-07,1238.06,1238.06,USD,1,,,,
BGA-0848,GRT-2024-003,PRJ-2024-005,BDL-0177,ACT-0058,FP-2025-08,1060.96,1060.96,USD,1,,,,
BGA-0849,GRT-2024-003,PRJ-2024-005,BDL-0177,ACT-0059,FP-2025-09,910.78,910.78,USD,1,,,,
BGA-0850,GRT-2024-003,PRJ-2024-005,BDL-0177,ACT-0057,FP-2025-10,759.11,759.11,USD,1,,,,
BGA-0851,GRT-2024-003,PRJ-2024-005,BDL-0177,ACT-0057,FP-2025-11,585.62,585.62,USD,1,,,,
BGA-0852,GRT-2024-003,PRJ-2024-005,BDL-0177,ACT-0060,FP-2025-12,760.07,760.07,USD,1,,,,
BGA-0853,GRT-2024-003,PRJ-2024-005,BDL-0176,ACT-0057,FP-2025-01,776.11,776.11,USD,1,,,,
BGA-0854,GRT-2024-003,PRJ-2024-005,BDL-0176,ACT-0057,FP-2025-02,600.3,600.3,USD,1,,,,
BGA-0855,GRT-2024-003,PRJ-2024-005,BDL-0176,ACT-0060,FP-2025-03,722.69,722.69,USD,1,,,,
BGA-0856,GRT-2024-003,PRJ-2024-005,BDL-0176,ACT-0057,FP-2025-04,970.73,970.73,USD,1,,,,
BGA-0857,GRT-2024-003,PRJ-2024-005,BDL-0176,ACT-0060,FP-2025-05,1093.93,1093.93,USD,1,,,,
BGA-0858,GRT-2024-003,PRJ-2024-005,BDL-0176,ACT-0059,FP-2025-06,905.74,905.74,USD,1,,,,
BGA-0859,GRT-2024-003,PRJ-2024-005,BDL-0176,ACT-0058,FP-2025-07,931.48,931.48,USD,1,,,,
BGA-0860,GRT-2024-003,PRJ-2024-005,BDL-0176,ACT-0059,FP-2025-08,1109.92,1109.92,USD,1,,,,
BGA-0861,GRT-2024-003,PRJ-2024-005,BDL-0176,ACT-0058,FP-2025-09,950.37,875.97,USD,2,VIR-2025-018,STF-002,2025-04-01,Quarterly reallocation
BGA-0862,GRT-2024-003,PRJ-2024-005,BDL-0176,ACT-0058,FP-2025-10,708.15,708.15,USD,1,,,,
BGA-0863,GRT-2024-003,PRJ-2024-005,BDL-0176,ACT-0057,FP-2025-11,667.85,667.85,USD,1,,,,
BGA-0864,GRT-2024-003,PRJ-2024-005,BDL-0176,ACT-0059,FP-2025-12,774.34,774.34,USD,1,,,,
BGA-0865,GRT-2024-003,PRJ-2024-005,BDL-0180,ACT-0058,FP-2025-01,488.24,488.24,USD,1,,,,
BGA-0866,GRT-2024-003,PRJ-2024-005,BDL-0180,ACT-0060,FP-2025-02,542.08,542.08,USD,1,,,,
BGA-0867,GRT-2024-003,PRJ-2024-005,BDL-0180,ACT-0060,FP-2025-03,535.54,535.54,USD,1,,,,
BGA-0868,GRT-2024-003,PRJ-2024-005,BDL-0180,ACT-0059,FP-2025-04,729.76,729.76,USD,1,,,,
BGA-0869,GRT-2024-003,PRJ-2024-005,BDL-0180,ACT-0059,FP-2025-05,681.34,681.34,USD,1,,,,
BGA-0870,GRT-2024-003,PRJ-2024-005,BDL-0180,ACT-0059,FP-2025-06,837.46,837.46,USD,1,,,,
BGA-0871,GRT-2024-003,PRJ-2024-005,BDL-0180,ACT-0060,FP-2025-07,896.56,896.56,USD,1,,,,
BGA-0872,GRT-2024-003,PRJ-2024-005,BDL-0180,ACT-0060,FP-2025-08,921.77,921.77,USD,1,,,,
BGA-0873,GRT-2024-003,PRJ-2024-005,BDL-0180,ACT-0057,FP-2025-09,892.36,892.36,USD,1,,,,
BGA-0874,GRT-2024-003,PRJ-2024-005,BDL-0180,ACT-0060,FP-2025-10,516.21,516.21,USD,1,,,,
BGA-0875,GRT-2024-003,PRJ-2024-005,BDL-0180,ACT-0058,FP-2025-11,547.76,547.76,USD,1,,,,
BGA-0876,GRT-2024-003,PRJ-2024-005,BDL-0180,ACT-0059,FP-2025-12,582.39,582.39,USD,1,,,,
BGA-0877,GRT-2024-003,PRJ-2024-005,BDL-0184,ACT-0059,FP-2025-01,3201.19,3079.75,USD,2,VIR-2025-006,STF-002,2025-06-22,Quarterly reallocation
BGA-0878,GRT-2024-003,PRJ-2024-005,BDL-0184,ACT-0058,FP-2025-02,3496.67,3496.67,USD,1,,,,
BGA-0879,GRT-2024-003,PRJ-2024-005,BDL-0184,ACT-0059,FP-2025-03,3150.37,3150.37,USD,1,,,,
BGA-0880,GRT-2024-003,PRJ-2024-005,BDL-0184,ACT-0058,FP-2025-04,3887.34,3887.34,USD,1,,,,
BGA-0881,GRT-2024-003,PRJ-2024-005,BDL-0184,ACT-0058,FP-2025-05,4450.49,4450.49,USD,1,,,,
BGA-0882,GRT-2024-003,PRJ-2024-005,BDL-0184,ACT-0058,FP-2025-06,5116.09,5116.09,USD,1,,,,
BGA-0883,GRT-2024-003,PRJ-2024-005,BDL-0184,ACT-0059,FP-2025-07,5770.02,5770.02,USD,1,,,,
BGA-0884,GRT-2024-003,PRJ-2024-005,BDL-0184,ACT-0057,FP-2025-08,4388.15,4388.15,USD,1,,,,
BGA-0885,GRT-2024-003,PRJ-2024-005,BDL-0184,ACT-0057,FP-2025-09,5446.15,5446.15,USD,1,,,,
BGA-0886,GRT-2024-003,PRJ-2024-005,BDL-0184,ACT-0057,FP-2025-10,3516.33,3516.33,USD,1,,,,
BGA-0887,GRT-2024-003,PRJ-2024-005,BDL-0184,ACT-0059,FP-2025-11,3622.89,3622.89,USD,1,,,,
BGA-0888,GRT-2024-003,PRJ-2024-005,BDL-0184,ACT-0059,FP-2025-12,3170.45,3170.45,USD,1,,,,
BGA-0889,GRT-2024-003,PRJ-2024-005,BDL-0183,ACT-0059,FP-2025-01,501.1,501.1,USD,1,,,,
BGA-0890,GRT-2024-003,PRJ-2024-005,BDL-0183,ACT-0058,FP-2025-02,482.41,482.41,USD,1,,,,
BGA-0891,GRT-2024-003,PRJ-2024-005,BDL-0183,ACT-0060,FP-2025-03,413.26,413.26,USD,1,,,,
BGA-0892,GRT-2024-003,PRJ-2024-005,BDL-0183,ACT-0059,FP-2025-04,827.97,826.67,USD,2,VIR-2025-044,STF-001,2025-04-28,Quarterly reallocation
BGA-0893,GRT-2024-003,PRJ-2024-005,BDL-0183,ACT-0060,FP-2025-05,838.35,838.35,USD,1,,,,
BGA-0894,GRT-2024-003,PRJ-2024-005,BDL-0183,ACT-0058,FP-2025-06,652.21,648.86,USD,2,VIR-2025-007,STF-002,2025-04-03,Quarterly reallocation
BGA-0895,GRT-2024-003,PRJ-2024-005,BDL-0183,ACT-0059,FP-2025-07,841.03,841.03,USD,1,,,,
BGA-0896,GRT-2024-003,PRJ-2024-005,BDL-0183,ACT-0059,FP-2025-08,720.11,720.11,USD,1,,,,
BGA-0897,GRT-2024-003,PRJ-2024-005,BDL-0183,ACT-0058,FP-2025-09,761.57,761.57,USD,1,,,,
BGA-0898,GRT-2024-003,PRJ-2024-005,BDL-0183,ACT-0059,FP-2025-10,486.68,486.68,USD,1,,,,
BGA-0899,GRT-2024-003,PRJ-2024-005,BDL-0183,ACT-0058,FP-2025-11,574.24,574.24,USD,1,,,,
BGA-0900,GRT-2024-003,PRJ-2024-005,BDL-0183,ACT-0058,FP-2025-12,517.32,517.32,USD,1,,,,
